발생일,사고유형,발생역,발생시간
2025-06-20,열차내 사고,사당역,16:25
2025-06-15,승강설비관련,신림역,21:35
2025-06-13,역구내 사고,교대역,14:56
2025-06-13,발빠짐,봉천역,22:08
2025-06-12,출입문관련,여의도역,19:11
2025-06-11,승강설비관련,경찰병원역,7:53
2025-06-10,열차내 사고,단대오거리역,8:14
2025-06-08,승강설비관련,충무로역,12:20
2025-06-07,출입문관련,신설동역,13:19
2025-06-04,역구내 사고,공덕역,7:07
2025-06-02,승강설비관련,안국역,14:08
2025-05-31,출입문관련,삼각지역,15:31
2025-05-30,역구내 사고,왕십리역,23:59
2025-05-30,승강설비관련,충무로역,6:53
2025-05-28,역구내 사고,마들역,20:30
2025-05-23,출입문관련,교대역,15:08
2025-05-22,출입문관련,신도림역,15:49
2025-05-22,역구내 사고,버티고개역,8:21
2025-05-22,출입문관련,잠실역,8:08
2025-05-21,열차내 사고,암사역,6:50
2025-05-21,발빠짐,천호역,6:50
2025-05-21,역구내 사고,신림역,19:53
2025-05-20,출입문관련,양재역,9:18
2025-05-20,역구내 사고,디지털미디어시티역,20:15
2025-05-20,승강설비관련,옥수역,11:30
2025-05-17,출입문관련,모란역,16:46
2025-05-17,출입문관련,잠실역,18:58
2025-05-17,승강설비관련,연신내역,19:08
2025-05-16,역구내 사고,구산역,18:10
2025-05-16,역구내 사고,서울대입구역,12:20
2025-05-16,역구내 사고,영등포시장역,19:24
2025-05-16,출입문관련,을지로4가역,8:15
2025-05-16,역구내 사고,동묘앞역,18:18
2025-05-14,역구내 사고,봉화산역,5:26
2025-05-14,출입문관련,성수역,18:21
2025-05-14,출입문관련,신림역,18:28
2025-05-12,열차내 사고,장승배기역,12:43
2025-05-12,발빠짐,충정로역,18:21
2025-05-10,열차내 사고,아차산역,14:00
2025-05-10,역구내 사고,창동역,9:46
2025-05-10,승강설비관련,노원역,7:02
2025-05-09,열차내 사고,산성역,7:34
2025-05-09,열차내 사고,안국역,18:00
2025-05-09,승강설비관련,청담역,7:25
2025-05-08,역구내 사고,수서역,13:54
2025-05-08,출입문관련,가산디지털단지역,11:04
2025-05-07,역구내 사고,뚝섬역,12:06
2025-05-07,발빠짐,서대문역,14:25
2025-05-05,열차내 사고,삼송역,14:32
2025-05-04,출입문관련,고속터미널역,11:29
2025-05-04,역구내 사고,충무로역,9:51
2025-05-02,출입문관련,충무로,9:25
2025-05-02,출입문관련,연신내역,15:48
2025-05-01,역구내 사고,시청역,20:16
2025-04-29,열차내 사고,온수역,11:45
2025-04-29,출입문관련,천호역,16:20
2025-04-28,출입문관련,성수역,8:30
2025-04-26,승강설비관련,마포구청역,20:27
2025-04-26,역구내 사고,구로디지털단지역,10:30
2025-04-25,역구내 사고,양재역,21:25
2025-04-24,출입문관련,서울역,21:46
2025-04-24,출입문관련,서울역,21:45
2025-04-23,출입문관련,양재역,17:28
2025-04-22,역구내 사고,봉천역,19:48
2025-04-22,역구내 사고,하계역,8:13
2025-04-22,열차내 사고,공덕역,15:24
2025-04-22,승강설비관련,먹골역,15:16
2025-04-22,발빠짐,개화산역,6:51
2025-04-22,열차내 사고,교대역,13:55
2025-04-22,역구내 사고,철산역,8:00
2025-04-21,열차내 사고,상수역,11:20
2025-04-21,역구내 사고,방화역,11:35
2025-04-21,발빠짐,동대문역사문화공원역,8:39
2025-04-19,발빠짐,서울역,11:51
2025-04-19,역구내 사고,종로3가역,21:44
2025-04-19,역구내 사고,마들역,10:54
2025-04-19,역구내 사고,창동역,22:57
2025-04-19,역구내 사고,수서역,21:44
2025-04-18,출입문관련,신당역,7:58
2025-04-18,출입문관련,창동역,8:55
2025-04-18,발빠짐,사당역,17:30
2025-04-17,발빠짐,동대문역사문화공원역,17:33
2025-04-17,출입문관련,까치산역,9:12
2025-04-16,역구내 사고,종각역,21:57
2025-04-16,승강설비관련,회현역,12:01
2025-04-16,승강설비관련,회현역,12:01
2025-04-15,출입문관련,여의도역,7:54
2025-04-15,역구내 사고,혜화역,8:26
2025-04-15,열차내 사고,회룡역,10:05
2025-04-15,발빠짐,동대문역,7:19
2025-04-14,승강설비관련,선릉역,20:20
2025-04-14,출입문관련,몽촌토성역,8:23
2025-04-13,승강설비관련,고속터미널역,7:57
2025-04-12,열차내 사고,동대문역,22:00
2025-04-12,출입문관련,약수역,13:55
2025-04-11,열차내 사고,구산역,13:54
2025-04-11,역구내 사고,신도림역,15:32
2025-04-09,출입문관련,구리역,19:15
2025-04-08,열차내 사고,지축역,11:33
2025-04-08,출입문관련,삼각지역,19:04
2025-04-07,역구내 사고,반포역,5:40
2025-04-07,역구내 사고,선릉역,15:55
2025-04-07,발빠짐,연신내역,8:31
2025-04-05,역구내 사고,방이역,15:16
2025-04-05,승강설비관련,고속터미널역,5:07
2025-04-04,출입문관련,발산역,0:48
2025-04-02,발빠짐,일원역,15:49
2025-03-29,역구내 사고,신정네거리역,11:45
2025-03-29,열차내 사고,하남검단산역,14:17
2025-03-27,출입문관련,태릉입구역,9:35
2025-03-26,역구내 사고,동대문역,17:19
2025-03-26,출입문관련,동묘앞역,15:15
2025-03-26,열차내 사고,원당역,10:00
2025-03-25,역구내 사고,서초역,11:23
2025-03-25,출입문관련,홍대입구역,18:13
2025-03-23,발빠짐,신촌역,19:17
2025-03-22,열차내 사고,서울대입구역,13:19
2025-03-21,열차내 사고,반포역,6:08
2025-03-21,발빠짐,신길역,7:29
2025-03-19,역구내 사고,응암역,10:11
2025-03-19,발빠짐,신촌역,21:44
2025-03-19,발빠짐,응암역,21:44
2025-03-18,열차내 사고,,8:27
2025-03-18,발빠짐,합정역,7:41
2025-03-17,역구내 사고,교대역,17:31
2025-03-17,역구내 사고,대림역,22:00
2025-03-15,승강설비관련,온수역,11:31
2025-03-15,출입문관련,금정역,20:10
2025-03-14,역구내 사고,회현역,15:51
2025-03-14,출입문관련,대곡역,19:14
2025-03-13,역구내 사고,신당역,16:10
2025-03-10,출입문관련,신용산역,18:42
2025-03-09,출입문관련,어린이대공원역,18:59
2025-03-09,열차내 사고,철산역,5:54
2025-03-07,열차내 사고,시청역,7:10
2025-03-06,출입문관련,화정역,19:06
2025-03-06,출입문관련,길음역,18:31
2025-03-06,출입문관련,발산역,8:35
2025-03-06,발빠짐,고속터미널역,8:34
2025-03-05,출입문관련,삼성역,13:54
2025-03-04,발빠짐,압구정역,9:20
2025-03-02,역구내 사고,잠실역,22:48
2025-03-01,승강설비관련,광흥창역,11:27
2025-03-01,발빠짐,회현역,16:13
2025-03-01,승강설비관련,온수역,16:10
2025-03-01,역구내 사고,광화문역,14:43
2025-03-01,승강설비관련,합정역,9:24
2025-03-01,열차내 사고,원당역,17:20
2025-02-27,열차내 사고,사당역,12:05
2025-02-26,열차내 사고,온수역,14:00
2025-02-26,발빠짐,동대문역사문화공원역,8:14
2025-02-25,역구내 사고,종로3가역,21:55
2025-02-25,역구내 사고,구로디지털단지역,12:00
2025-02-24,역구내 사고,서울역,16:33
2025-02-24,역구내 사고,삼성역,18:00
2025-02-22,역구내 사고,합정역,9:00
2025-02-22,승강설비관련,신당역,10:03
2025-02-21,출입문관련,올림픽공원역,8:39
2025-02-19,출입문관련,강남역,18:30
2025-02-19,발빠짐,동대문역사문화공원역,13:03
2025-02-18,승강설비관련,까치산역,22:07
2025-02-18,열차내 사고,아차산역,19:48
2025-02-18,출입문관련,공덕역,16:38
2025-02-15,역구내 사고,녹사평역,21:28
2025-02-15,열차내 사고,광화문역,18:25
2025-02-15,역구내 사고,이대역,10:00
2025-02-15,출입문관련,오목교역,11:32
2025-02-15,출입문관련,오목교역,11:57
2025-02-15,출입문관련,혜화역,7:49
2025-02-14,열차내 사고,양천구청역,19:54
2025-02-14,출입문관련,발산역,7:52
2025-02-14,출입문관련,왕십리역,19:15
2025-02-14,역구내 사고,삼성역,9:07
2025-02-14,역구내 사고,행당역,8:49
2025-02-14,발빠짐,철산역,18:20
2025-02-14,출입문관련,천호역,16:43
2025-02-13,발빠짐,발산역,7:31
2025-02-13,열차내 사고,상왕십리역,16:05
2025-02-13,발빠짐,철산역,18:47
2025-02-12,역구내 사고,청구역,16:12
2025-02-12,출입문관련,아현역,8:14
2025-02-12,출입문관련,동대문역사문화공원역,9:53
2025-02-12,역구내 사고,창신역,14:17
2025-02-12,발빠짐,동대문역사문화공원역,9:09
2025-02-11,역구내 사고,오금역,11:06
2025-02-11,열차내 사고,의왕역,17:15
2025-02-11,승강설비관련,합정역,10:20
2025-02-11,열차내 사고,동대문역사문화공원역,19:31
2025-02-11,열차내 사고,신당역,14:37
2025-02-10,역구내 사고,상왕십리역,12:10
2025-02-10,출입문관련,신도림역,8:00
2025-02-09,역구내 사고,충정로역,15:09
2025-02-08,역구내 사고,선릉역,17:30
2025-02-08,열차내 사고,구파발역,15:05
2025-02-08,출입문관련,연신내역,18:14
2025-02-07,출입문관련,동대문역사문화공원역,16:53
2025-02-07,승강설비관련,역삼역,8:16
2025-02-07,승강설비관련,까치산역,8:15
2025-02-07,역구내 사고,시청역,13:04
2025-02-07,승강설비관련,답십리역,10:28
2025-02-07,역구내 사고,상계역,6:30
2025-02-07,출입문관련,강동역,17:31
2025-02-07,열차내 사고,이촌역,11:55
2025-02-06,승강설비관련,우장산역,22:05
2025-02-06,역구내 사고,건대입구역,21:22
2025-02-06,발빠짐,동대문역사문화공원역,18:42
2025-02-06,승강설비관련,사당역,23:11
2025-02-05,승강설비관련,역삼역,8:56
2025-02-05,열차내 사고,여의도역,18:26
2025-02-04,승강설비관련,성신여대입구역,14:50
2025-02-04,역구내 사고,안국역,15:12
2025-02-04,발빠짐,마포역,18:26
2025-02-03,열차내 사고,종로5가역,9:55
2025-02-03,출입문관련,성수역,14:15
2025-02-02,열차내 사고,신풍역,13:46
2025-02-01,역구내 사고,사당역,8:41
2025-02-01,역구내 사고,고덕역,10:56
2025-01-31,역구내 사고,장승배기역,8:56
2025-01-31,역구내 사고,버티고개역,20:40
2025-01-31,발빠짐,서대문역,17:37
2025-01-30,승강설비관련,고속터미널역,16:19
2025-01-29,승강설비관련,단대오거리역,17:56
2025-01-28,승강설비관련,군자역,0:08
2025-01-27,출입문관련,동대문역사문화공원역,18:40
2025-01-25,발빠짐,서울역,16:21
2025-01-25,발빠짐,발산역,16:19
2025-01-25,출입문관련,장한평역,11:43
2025-01-23,열차내 사고,강동역,15:25
2025-01-23,출입문관련,건대입구역,21:30
2025-01-21,발빠짐,서울대입구역,17:50
2025-01-20,열차내 사고,온수역,6:49
2025-01-20,역구내 사고,옥수역,10:15
2025-01-18,발빠짐,충정로역,16:20
2025-01-18,출입문관련,선릉역,14:25
2025-01-17,역구내 사고,선릉역,22:45
2025-01-16,열차내 사고,사당역,15:43
2025-01-16,역구내 사고,합정역,8:10
2025-01-16,승강설비관련,불광역,7:32
2025-01-16,역구내 사고,양천구청역,9:39
2025-01-15,열차내 사고,군자역,8:30
2025-01-13,출입문관련,천호역,8:13
2025-01-12,역구내 사고,제기동역,15:46
2025-01-11,열차내 사고,서울대입구역,17:20
2025-01-10,승강설비관련,청량리역,17:03
2025-01-10,출입문관련,노원역,8:09
2025-01-10,승강설비관련,오금역,16:52
2025-01-08,역구내 사고,신대방역,22:25
2025-01-08,발빠짐,동대문역사문화공원역,8:44
2025-01-08,열차내 사고,공덕역,8:20
2025-01-02,역구내 사고,여의나루역,11:49
2025-01-02,열차내 사고,대림역,18:14
2024-12-31,역구내 사고,뚝섬역,15:50
2024-12-31,출입문관련,올림픽공원역,15:44
2024-12-30,승강설비관련,제기동역,10:28
2024-12-30,역구내 사고,신풍역,9:37
2024-12-28,출입문관련,약수역,17:14
2024-12-28,출입문관련,동대문역사문화공원역,12:30
2024-12-28,승강설비관련,하남풍산역,5:27
2024-12-28,열차내 사고,서대문역,18:26
2024-12-27,발빠짐,동대문역사문화공원역,13:25
2024-12-27,역구내 사고,옥수역,18:07
2024-12-26,열차내 사고,상도역,15:01
2024-12-26,역구내 사고,남성역,5:49
2024-12-25,발빠짐,동대문역사문화공원역,13:54
2024-12-24,출입문관련,잠실새내역,13:40
2024-12-23,출입문관련,서울역,19:56
2024-12-21,출입문관련,화곡역,11:00
2024-12-21,기타,지축역,18:43
2024-12-21,열차내 사고,가락시장역,18:50
2024-12-21,출입문관련,고속터미널역,11:26
2024-12-20,출입문관련,고덕역,17:13
2024-12-19,열차내 사고,둔촌동역,20:37
2024-12-19,발빠짐,잠실역,19:42
2024-12-19,발빠짐,잠실역,19:42
2024-12-18,열차내 사고,오목교역,18:24
2024-12-18,발빠짐,종합운동장역,7:44
2024-12-18,출입문관련,장지역,6:26
2024-12-18,출입문관련,동대문역사문화공원역,15:29
2024-12-17,출입문관련,사당역,13:33
2024-12-17,역구내 사고,명동역,20:10
2024-12-16,출입문관련,강동역,18:46
2024-12-16,출입문관련,올림픽공원역,21:04
2024-12-16,출입문관련,상봉역,17:40
2024-12-16,역구내 사고,광명사거리역,12:42
2024-12-14,역구내 사고,철산역,20:51
2024-12-13,출입문관련,고속터미널역,18:18
2024-12-13,역구내 사고,잠원역,22:05
2024-12-12,열차내 사고,문정역,8:23
2024-12-12,열차내 사고,남한산성입구역,8:25
2024-12-12,열차내 사고,자양역,8:25
2024-12-11,출입문관련,오목교역,17:15
2024-12-11,역구내 사고,한성대입구역,11:12
2024-12-11,발빠짐,합정역,8:46
2024-12-10,출입문관련,구로역,18:54
2024-12-10,열차내 사고,이수역,10:11
2024-12-09,출입문관련,평촌역,16:59
2024-12-09,역구내 사고,잠실역,5:57
2024-12-09,출입문관련,회현역,19:07
2024-12-09,출입문관련,숭실대입구역,8:20
2024-12-08,출입문관련,청담역,11:08
2024-12-07,기타,고속터미널역,8:54
2024-12-07,승강설비관련,시청역,20:16
2024-12-06,출입문관련,제기동역,14:18
2024-12-06,발빠짐,발산역,15:19
2024-12-06,역구내 사고,회현역,7:31
2024-12-06,발빠짐,종로3가역,16:58
2024-12-06,역구내 사고,월곡역,14:10
2024-12-05,출입문관련,답십리역,11:18
2024-12-05,출입문관련,구로역,18:54
2024-12-04,출입문관련,동대문역,11:28
2024-12-04,발빠짐,성신여대입구역,20:52
2024-12-03,출입문관련,고속터미널역,15:10
2024-12-03,발빠짐,동대문역사문화공원역,22:19
2024-12-02,발빠짐,압구정역,18:17
2024-12-02,열차내 사고,강변역,8:25
2024-12-02,발빠짐,신사역,20:00
2024-12-02,열차내 사고,을지로입구역,11:14
2024-12-01,발빠짐,발산역,22:23
2024-11-30,역구내 사고,청담역,23:50
2024-11-30,출입문관련,남부터미널역,13:30
2024-11-29,승강설비관련,삼성역,9:33
2024-11-29,역구내 사고,역삼역,6:00
2024-11-29,역구내 사고,구의역,18:09
2024-11-29,승강설비관련,노원역,11:31
2024-11-28,역구내 사고,온수역,7:45
2024-11-28,역구내 사고,양천구청역,6:53
2024-11-28,역구내 사고,한성대입구역,11:43
2024-11-28,출입문관련,불광역,13:03
2024-11-27,열차내 사고,왕십리역,8:09
2024-11-27,승강설비관련,몽촌토성역,8:16
2024-11-27,승강설비관련,수서역,15:01
2024-11-27,승강설비관련,역삼역,18:04
2024-11-26,열차내 사고,자양역,17:01
2024-11-26,기타,노원역,7:15
2024-11-26,열차내 사고,건대입구역,17:25
2024-11-26,승강설비관련,약수역,16:31
2024-11-26,열차내 사고,화곡역,19:34
2024-11-26,역구내 사고,명일역,11:53
2024-11-25,발빠짐,고속터미널역,12:59
2024-11-23,출입문관련,홍대입구역,17:53
2024-11-23,역구내 사고,종로3가역,21:43
2024-11-23,승강설비관련,종로3가역,14:06
2024-11-23,출입문관련,매봉역,8:16
2024-11-23,발빠짐,철산역,9:09
2024-11-23,출입문관련,송파역,10:13
2024-11-22,발빠짐,압구정역,18:12
2024-11-22,발빠짐,경복궁역,18:59
2024-11-22,발빠짐,철산역,9:27
2024-11-21,열차내 사고,마곡역,14:32
2024-11-20,발빠짐,합정역,8:06
2024-11-19,역구내 사고,동대문역,12:30
2024-11-19,출입문관련,올림픽공원역,12:54
2024-11-17,출입문관련,중앙역,15:57
2024-11-16,열차내 사고,중계역,16:38
2024-11-16,발빠짐,고속터미널역,16:38
2024-11-16,출입문관련,미아역,11:38
2024-11-15,열차내 사고,구로디지털단지역,17:50
2024-11-15,열차내 사고,구로디지털단지역,17:50
2024-11-14,출입문관련,창동역,18:00
2024-11-14,출입문관련,이수역,17:53
2024-11-14,열차내 사고,대림역,17:45
2024-11-14,출입문관련,천호역,8:38
2024-11-12,출입문관련,동대입구역,18:21
2024-11-12,열차내 사고,삼성역,9:10
2024-11-12,출입문관련,미아사거리역,9:42
2024-11-12,출입문관련,미아사거리역,21:29
2024-11-12,출입문관련,길동역,18:50
2024-11-11,역구내 사고,약수역,7:33
2024-11-09,승강설비관련,고속터미널역,18:07
2024-11-08,열차내 사고,까치산역,20:52
2024-11-08,출입문관련,서울대입구역,8:26
2024-11-07,출입문관련,천호역,17:57
2024-11-06,발빠짐,회현역,10:33
2024-11-05,승강설비관련,까치산역,14:56
2024-11-05,역구내 사고,충무로역,14:45
2024-11-04,역구내 사고,문래역,13:35
2024-11-04,발빠짐,동대문역사문화공원역,18:40
2024-11-03,역구내 사고,오금역,12:06
2024-11-02,출입문관련,신당역,15:08
2024-11-02,발빠짐,수서역,11:31
2024-11-01,출입문관련,신림역,17:17
2024-11-01,역구내 사고,이대역,7:36
2024-10-31,출입문관련,사당역,16:57
2024-10-31,역구내 사고,신답역,12:45
2024-10-31,열차내 사고,장암역,8:38
2024-10-30,출입문관련,잠실역,17:48
2024-10-30,열차내 사고,신대방삼거리역,8:30
2024-10-29,승강설비관련,수서역,12:43
2024-10-26,역구내 사고,왕십리역,0:56
2024-10-26,출입문관련,강동역,11:26
2024-10-25,출입문관련,교대역,9:50
2024-10-24,출입문관련,영등포구청역,17:35
2024-10-24,출입문관련,미아역,16:43
2024-10-23,열차내 사고,일원역,10:10
2024-10-23,역구내 사고,굽은다리역,13:24
2024-10-22,역구내 사고,남부터미널역,8:55
2024-10-22,역구내 사고,시청역,17:11
2024-10-22,열차내 사고,도봉산역,6:13
2024-10-22,발빠짐,무악재역,8:46
2024-10-21,출입문관련,강변역,12:28
2024-10-21,승강설비관련,약수역,15:20
2024-10-20,열차내 사고,사당역,10:58
2024-10-19,역구내 사고,수락산역,14:08
2024-10-19,발빠짐,충무로역,23:29
2024-10-19,역구내 사고,청량리역,18:20
2024-10-19,열차내 사고,장자호수공원역,10:35
2024-10-19,승강설비관련,남성역,17:42
2024-10-18,역구내 사고,을지로3가역,10:52
2024-10-18,열차내 사고,올림픽공원역,18:13
2024-10-18,출입문관련,구파발역,16:27
2024-10-18,출입문관련,군자역,7:46
2024-10-18,열차내 사고,석촌역,16:47
2024-10-18,출입문관련,동대문역사문화공원역,18:37
2024-10-18,열차내 사고,오목교역,18:47
2024-10-17,발빠짐,사가정역,8:22
2024-10-16,출입문관련,을지로입구역,12:35
2024-10-15,출입문관련,홍대입구역,8:37
2024-10-15,발빠짐,발산역,16:17
2024-10-15,출입문관련,천호역,12:08
2024-10-15,발빠짐,시청역,18:59
2024-10-14,발빠짐,당산역,8:01
2024-10-14,발빠짐,면목역,7:52
2024-10-14,역구내 사고,잠원역,7:26
2024-10-14,출입문관련,혜화역,16:56
2024-10-12,출입문관련,동대입구역,16:42
2024-10-12,발빠짐,여의나루역,22:00
2024-10-12,출입문관련,숙대입구역,10:05
2024-10-11,출입문관련,종로3가역,15:25
2024-10-11,출입문관련,답십리역,15:25
2024-10-11,열차내 사고,불광역,13:02
2024-10-11,열차내 사고,역삼역,12:18
2024-10-10,출입문관련,신대방역,12:53
2024-10-10,발빠짐,연신내역,16:46
2024-10-09,출입문관련,천호역,9:56
2024-10-08,승강설비관련,잠실나루역,11:32
2024-10-08,출입문관련,하남시청역,17:04
2024-10-05,발빠짐,성신여대입구역,18:04
2024-10-04,역구내 사고,고속터미널역,16:27
2024-10-04,역구내 사고,충무로역,15:09
2024-10-03,역구내 사고,서초역,16:20
2024-10-02,출입문관련,가산디지털단지역,18:31
2024-10-02,출입문관련,신정네거리역,9:08
2024-10-01,발빠짐,성신여대입구역,15:50
2024-09-30,출입문관련,미아역,16:53
2024-09-29,출입문관련,종로3가역,13:59
2024-09-29,열차내 사고,오금역,12:47
2024-09-28,출입문관련,사당역,17:55
2024-09-27,승강설비관련,경찰병원역,11:51
2024-09-26,열차내 사고,경복궁역,22:36
2024-09-26,출입문관련,수서역,18:17
2024-09-24,발빠짐,서울역,6:29
2024-09-24,열차내 사고,마곡역,13:26
2024-09-23,출입문관련,강동역,9:26
2024-09-23,열차내 사고,동대문역사문화공원역,8:20
2024-09-23,출입문관련,목동역,16:54
2024-09-23,역구내 사고,안국역,15:00
2024-09-22,역구내 사고,강남역,18:14
2024-09-21,출입문관련,충무로역,18:27
2024-09-17,역구내 사고,신설동역,13:33
2024-09-17,역구내 사고,불암산역,22:40
2024-09-15,출입문관련,가산디지털단지역,16:40
2024-09-14,기타,토목사업소,14:00
2024-09-14,출입문관련,장암역,19:48
2024-09-13,발빠짐,화곡역,17:37
2024-09-13,열차내 사고,학여울역,17:33
2024-09-13,열차내 사고,시청역,18:30
2024-09-12,역구내 사고,연신내역,9:45
2024-09-12,출입문관련,종로3가역,17:09
2024-09-11,열차내 사고,잠실새내역,14:20
2024-09-11,발빠짐,동대문역사문화공원역,23:10
2024-09-11,출입문관련,이수역,17:34
2024-09-11,발빠짐,신촌역,17:03
2024-09-11,출입문관련,철산역,8:36
2024-09-10,역구내 사고,상봉역,8:10
2024-09-10,열차내 사고,상봉역,8:30
2024-09-10,승강설비관련,신림역,15:31
2024-09-09,출입문관련,을지로3가역,22:19
2024-09-07,출입문관련,신도림역,16:48
2024-09-07,발빠짐,신촌역,23:18
2024-09-07,출입문관련,오목교역,17:49
2024-09-07,출입문관련,오목교역,17:49
2024-09-07,열차내 사고,합정역,13:43
2024-09-07,출입문관련,오목교역,17:49
2024-09-05,열차내 사고,모란역,14:49
2024-09-05,열차내 사고,봉천역,9:24
2024-09-04,출입문관련,건대입구역,10:32
2024-09-04,열차내 사고,제기동역,10:32
2024-09-03,역구내 사고,건대입구역,6:02
2024-08-30,출입문관련,혜화역,6:19
2024-08-30,출입문관련,홍대입구역,16:30
2024-08-29,출입문관련,교대역,14:42
2024-08-29,승강설비관련,교대역,17:29
2024-08-28,출입문관련,왕십리역,16:03
2024-08-28,열차내 사고,매봉역,7:44
2024-08-28,출입문관련,중계역,17:50
2024-08-28,출입문관련,중곡역,17:31
2024-08-28,발빠짐,합정역,8:28
2024-08-27,열차내 사고,마포구청역,9:28
2024-08-27,출입문관련,남부터미널역,14:44
2024-08-27,승강설비관련,강남구청역,18:19
2024-08-26,승강설비관련,안국역,9:57
2024-08-26,역구내 사고,신촌역,2:00
2024-08-26,출입문관련,남구로역,15:21
2024-08-26,출입문관련,서울역,14:50
2024-08-24,발빠짐,신촌역,20:17
2024-08-23,역구내 사고,약수역,8:22
2024-08-23,역구내 사고,천호역,18:28
2024-08-23,발빠짐,고속터미널역,15:01
2024-08-22,열차내 사고,왕십리역,14:00
2024-08-22,승강설비관련,고속터미널역,16:17
2024-08-21,기타,천호역,10:05
2024-08-21,역구내 사고,녹번역,8:40
2024-08-21,출입문관련,발산역,13:36
2024-08-21,승강설비관련,청담역,6:25
2024-08-21,역구내 사고,목동역,14:46
2024-08-20,출입문관련,교대역,18:32
2024-08-20,열차내 사고,잠실역,18:32
2024-08-20,출입문관련,약수역,12:25
2024-08-20,출입문관련,잠실새내역,18:46
2024-08-20,열차내 사고,굽은다리역,22:27
2024-08-19,출입문관련,중동역,12:25
2024-08-19,출입문관련,대방역,15:34
2024-08-19,역구내 사고,시청역,18:02
2024-08-19,발빠짐,경복궁역,7:57
2024-08-18,출입문관련,구로디지털단지역,10:08
2024-08-18,역구내 사고,태릉입구역,11:30
2024-08-18,발빠짐,동대문역사문화공원역,17:12
2024-08-16,열차내 사고,고속터미널역,8:50
2024-08-16,출입문관련,발산역,8:02
2024-08-16,출입문관련,하남시청역,18:55
2024-08-15,출입문관련,교대역,19:58
2024-08-14,출입문관련,화곡역,11:39
2024-08-14,출입문관련,명일역,15:24
2024-08-13,출입문관련,약수역,9:29
2024-08-13,출입문관련,이수역,15:32
2024-08-13,출입문관련,신당역,8:30
2024-08-12,열차내 사고,여의나루역,18:37
2024-08-10,출입문관련,광화문역,15:12
2024-08-10,열차내 사고,청구역,11:51
2024-08-10,출입문관련,창동역,9:25
2024-08-09,승강설비관련,공덕역,7:57
2024-08-09,승강설비관련,성수역,18:15
2024-08-09,열차내 사고,종로3가역,8:39
2024-08-09,출입문관련,올림픽공원역,13:37
2024-08-09,승강설비관련,건대입구역,16:26
2024-08-09,승강설비관련,충정로역,8:46
2024-08-07,열차내 사고,성수역,16:14
2024-08-03,출입문관련,천호역,11:35
2024-08-02,승강설비관련,청량리역,9:24
2024-08-02,출입문관련,봉화산역,9:36
2024-08-01,역구내 사고,신당역,21:30
2024-08-01,발빠짐,경찰병원역,15:04
2024-08-01,발빠짐,종합운동장역,17:16
2024-07-31,출입문관련,이수역,15:54
2024-07-31,출입문관련,이수역,15:54
2024-07-31,출입문관련,노원역,18:56
2024-07-31,출입문관련,길동역,20:49
2024-07-30,역구내 사고,공덕역,18:21
2024-07-29,발빠짐,을지로4가역,8:12
2024-07-29,출입문관련,종로5가역,14:33
2024-07-28,발빠짐,동대문역,10:34
2024-07-27,승강설비관련,사가정역,16:18
2024-07-27,출입문관련,을지로4가역,15:37
2024-07-26,발빠짐,동대문역사문화공원역,11:43
2024-07-26,출입문관련,상일동역,12:01
2024-07-26,역구내 사고,청담역,16:56
2024-07-26,역구내 사고,온수역,16:56
2024-07-25,출입문관련,쌍문역,19:33
2024-07-25,열차내 사고,안국역,12:14
2024-07-25,출입문관련,군자역,14:43
2024-07-25,출입문관련,구파발역,15:10
2024-07-25,역구내 사고,건대입구역,7:55
2024-07-23,출입문관련,신길역,17:48
2024-07-22,역구내 사고,온수역,12:44
2024-07-22,출입문관련,코레일,19:04
2024-07-22,출입문관련,신도림역,7:33
2024-07-22,승강설비관련,하계역,15:19
2024-07-22,열차내 사고,동인천역,14:15
2024-07-22,출입문관련,강동역,8:09
2024-07-22,발빠짐,고속터미널역,21:20
2024-07-21,출입문관련,방화역,19:50
2024-07-21,출입문관련,청량리역,14:29
2024-07-21,출입문관련,잠실역,19:17
2024-07-21,승강설비관련,서울역,10:46
2024-07-20,역구내 사고,건대입구역,14:46
2024-07-20,열차내 사고,상계역,17:44
2024-07-20,역구내 사고,녹번역,14:20
2024-07-19,출입문관련,신용산역,8:00
2024-07-19,열차내 사고,문정역,11:55
2024-07-19,출입문관련,군자역,20:04
2024-07-19,역구내 사고,신대방삼거리역,16:00
2024-07-19,발빠짐,충정로역,13:35
2024-07-19,열차내 사고,대흥역,7:41
2024-07-19,출입문관련,애오개역,18:56
2024-07-19,열차내 사고,교대역,14:39
2024-07-19,출입문관련,연신내역,19:02
2024-07-19,출입문관련,교대역,22:13
2024-07-19,역구내 사고,내방역,14:11
2024-07-18,열차내 사고,종로3가역,8:13
2024-07-18,출입문관련,사당역,14:40
2024-07-18,역구내 사고,아차산역,8:57
2024-07-18,승강설비관련,양재역,15:00
2024-07-17,역구내 사고,길동역,8:20
2024-07-17,출입문관련,이수역,12:20
2024-07-17,열차내 사고,남성역,12:41
2024-07-17,역구내 사고,길동역,8:20
2024-07-16,출입문관련,방화역,8:06
2024-07-16,열차내 사고,천호역,18:26
2024-07-16,발빠짐,고속터미널역,18:30
2024-07-16,출입문관련,미아사거리역,12:19
2024-07-15,승강설비관련,천왕역,13:30
2024-07-15,출입문관련,철산역,12:16
2024-07-15,역구내 사고,역삼역,15:58
2024-07-13,출입문관련,공덕역,5:52
2024-07-13,출입문관련,봉화산역,10:11
2024-07-12,승강설비관련,영등포구청역,8:30
2024-07-11,역구내 사고,상일동역,9:24
2024-07-11,출입문관련,사가정역,16:44
2024-07-10,출입문관련,삼각지역,9:11
2024-07-10,출입문관련,혜화역,18:36
2024-07-09,열차내 사고,상일동역,8:45
2024-07-09,승강설비관련,숭실대입구역,14:06
2024-07-09,출입문관련,남한산성입구역,16:05
2024-07-08,승강설비관련,사가정역,15:31
2024-07-08,출입문관련,상봉역,21:08
2024-07-08,승강설비관련,선릉역,18:50
2024-07-08,역구내 사고,동대문역사문화공원역,11:19
2024-07-08,승강설비관련,청담역,16:33
2024-07-06,역구내 사고,낙성대역,1:00
2024-07-06,출입문관련,거여역,13:43
2024-07-06,출입문관련,강남역,11:09
2024-07-05,출입문관련,천왕역,12:45
2024-07-05,역구내 사고,철산역,22:56
2024-07-05,열차내 사고,양재역,9:24
2024-07-05,역구내 사고,합정역,7:14
2024-07-05,역구내 사고,역삼역,5:28
2024-07-05,발빠짐,고속터미널역,19:52
2024-07-04,출입문관련,몽촌토성역,15:40
2024-07-04,출입문관련,대림역,11:08
2024-07-03,열차내 사고,강남구청역,18:45
2024-07-03,역구내 사고,봉천역,13:47
2024-07-02,출입문관련,동대문역사문화공원역,13:45
2024-07-02,발빠짐,회현역,19:39
2024-07-02,출입문관련,애오개역,17:55
2024-07-01,역구내 사고,청량리역,17:46
2024-07-01,출입문관련,화정역,15:39
2024-07-01,출입문관련,혜화역,15:09
2024-07-01,출입문관련,잠실역,18:17
2024-06-30,기타,토목,21:10
2024-06-30,역구내 사고,압구정역,7:55
2024-06-30,열차내 사고,불광역,19:15
2024-06-29,출입문관련,선릉역,15:14
2024-06-29,열차내 사고,강변역,23:07
2024-06-29,발빠짐,김포공항역,23:48
2024-06-28,출입문관련,서울역,13:19
2024-06-28,출입문관련,서울역,13:19
2024-06-27,출입문관련,코레일,17:36
2024-06-27,출입문관련,먹골역,9:44
2024-06-26,출입문관련,보라매역,8:00
2024-06-26,역구내 사고,봉천역,23:15
2024-06-26,출입문관련,광명사거리역,8:00
2024-06-26,출입문관련,교대역,21:34
2024-06-26,발빠짐,동대문역사문화공원역,15:48
2024-06-26,열차내 사고,보라매역,16:14
2024-06-25,열차내 사고,하남검단산역,19:34
2024-06-25,열차내 사고,목동역,18:11
2024-06-25,열차내 사고,목동역,0:00
2024-06-25,출입문관련,노원역,18:30
2024-06-25,기타,,18:55
2024-06-25,승강설비관련,옥수역,16:37
2024-06-24,출입문관련,이수역,8:44
2024-06-24,출입문관련,남구로역,8:29
2024-06-23,역구내 사고,온수역,10:08
2024-06-23,발빠짐,신촌역,22:56
2024-06-21,열차내 사고,화곡역,18:23
2024-06-21,역구내 사고,교대역,15:00
2024-06-21,열차내 사고,명동역,7:55
2024-06-21,출입문관련,천호역,13:07
2024-06-20,출입문관련,몽촌토성역,9:25
2024-06-19,출입문관련,천호역,13:09
2024-06-19,기타,둔촌동역,9:00
2024-06-19,출입문관련,천호역,12:11
2024-06-19,출입문관련,거여역,8:07
2024-06-18,열차내 사고,신도림역,19:41
2024-06-17,출입문관련,공덕역,16:24
2024-06-17,출입문관련,상계역,8:15
2024-06-17,출입문관련,강남역,9:52
2024-06-16,발빠짐,충무로역,17:06
2024-06-14,출입문관련,불광역,14:26
2024-06-13,출입문관련,미아사거리역,15:30
2024-06-13,승강설비관련,동대문역,17:43
2024-06-12,출입문관련,행당역,14:34
2024-06-11,열차내 사고,역삼역,11:31
2024-06-11,역구내 사고,가락시장역,7:30
2024-06-10,역구내 사고,연신내역,12:41
2024-06-10,출입문관련,단대오거리역,18:22
2024-06-09,역구내 사고,시청역,23:43
2024-06-09,승강설비관련,문정역,9:42
2024-06-08,승강설비관련,중곡역,10:45
2024-06-08,출입문관련,상일동역,20:01
2024-06-08,출입문관련,군자역,9:00
2024-06-05,열차내 사고,수서역,11:30
2024-06-05,열차내 사고,동대문역,17:36
2024-06-04,역구내 사고,신도림역,13:50
2024-06-04,승강설비관련,고속터미널역,14:58
2024-06-04,승강설비관련,상수역,17:43
2024-06-04,역구내 사고,효창공원앞역,14:09
2024-06-04,출입문관련,강남역,7:57
2024-06-03,출입문관련,공릉역,15:39
2024-06-03,출입문관련,충무로역,19:50
2024-06-01,역구내 사고,일원역,22:00
2024-06-01,열차내 사고,압구정역,15:10
2024-05-31,출입문관련,광흥창역,8:33
2024-05-31,출입문관련,회현역,15:35
2024-05-30,출입문관련,한성대입구역,7:29
2024-05-30,역구내 사고,노원역,15:59
2024-05-30,발빠짐,동대문역사문화공원역,17:56
2024-05-30,역구내 사고,혜화역,23:42
2024-05-30,열차내 사고,매봉역,18:21
2024-05-30,발빠짐,고속터미널역,10:44
2024-05-28,열차내 사고,성신여대입구역,8:37
2024-05-28,열차내 사고,낙성대역,14:58
2024-05-28,열차내 사고,,17:28
2024-05-27,열차내 사고,도봉산역,18:05
2024-05-25,열차내 사고,군자역,11:08
2024-05-25,출입문관련,남한산성입구역,12:05
2024-05-24,출입문관련,천호역,9:26
2024-05-24,역구내 사고,불광역,12:10
2024-05-24,역구내 사고,강변역,8:11
2024-05-23,출입문관련,천호역,8:09
2024-05-23,발빠짐,동대문역,21:25
2024-05-22,출입문관련,창동역,14:39
2024-05-21,출입문관련,신금호역,17:57
2024-05-21,열차내 사고,동대문역,22:15
2024-05-20,역구내 사고,동대문역사문화공원역,14:42
2024-05-20,출입문관련,을지로입구역,10:36
2024-05-19,역구내 사고,대림역,16:29
2024-05-18,출입문관련,대화역,15:50
2024-05-18,출입문관련,홍대입구역,20:15
2024-05-17,출입문관련,건대입구역,12:15
2024-05-17,출입문관련,천호역,16:53
2024-05-17,발빠짐,성신여대입구역,15:04
2024-05-14,출입문관련,교대역,18:05
2024-05-14,출입문관련,군자역,18:10
2024-05-14,열차내 사고,오목교역,17:33
2024-05-14,열차내 사고,문정역,8:14
2024-05-14,출입문관련,까치산역,22:50
2024-05-13,출입문관련,고덕역,7:36
2024-05-13,역구내 사고,가산디지털단지역,23:02
2024-05-12,출입문관련,약수역,10:21
2024-05-10,출입문관련,뚝섬역,11:45
2024-05-10,열차내 사고,,8:30
2024-05-10,열차내 사고,서초역,15:25
2024-05-09,출입문관련,사당역,10:23
2024-05-09,출입문관련,선릉역,10:55
2024-05-08,출입문관련,청구역,17:20
2024-05-08,역구내 사고,신답역,8:40
2024-05-08,열차내 사고,청량리역,8:40
2024-05-08,발빠짐,성신여대입구역,14:00
2024-05-08,역구내 사고,천호역,15:50
2024-05-07,열차내 사고,부평역,22:45
2024-05-07,출입문관련,강동역,8:15
2024-05-07,발빠짐,신촌역,20:14
2024-05-06,승강설비관련,왕십리역,14:20
2024-05-05,역구내 사고,종합운동장역,13:53
2024-05-05,역구내 사고,성신여대입구역,16:18
2024-05-05,출입문관련,충무로역,13:40
2024-05-05,역구내 사고,아현역,21:40
2024-05-05,역구내 사고,먹골역,16:25
2024-05-04,출입문관련,종로3가역,8:51
2024-05-02,발빠짐,신대방역,18:31
2024-05-02,발빠짐,신대방역,18:31
2024-05-01,출입문관련,사당역,13:11
2024-05-01,발빠짐,서대문역,12:30
2024-04-30,출입문관련,상수역,10:51
2024-04-30,출입문관련,영등포시장역,17:05
2024-04-30,역구내 사고,금호역,19:55
2024-04-29,역구내 사고,영등포구청역,12:57
2024-04-28,출입문관련,아차산역,19:59
2024-04-27,열차내 사고,도곡역,13:12
2024-04-27,열차내 사고,교대역,15:05
2024-04-27,역구내 사고,동대문역사문화공원역,9:27
2024-04-26,출입문관련,약수역,13:14
2024-04-26,출입문관련,약수역,13:14
2024-04-25,열차내 사고,천호역,14:01
2024-04-24,출입문관련,종로3가역,21:00
2024-04-24,출입문관련,양재역,8:48
2024-04-23,출입문관련,노원역,15:06
2024-04-23,승강설비관련,약수역,16:02
2024-04-23,출입문관련,창동역,11:58
2024-04-23,출입문관련,군자역,11:52
2024-04-22,발빠짐,철산역,18:30
2024-04-22,출입문관련,김포공항역,17:26
2024-04-21,출입문관련,건대입구역,12:16
2024-04-21,승강설비관련,노원역,14:12
2024-04-21,발빠짐,신림역,16:38
2024-04-20,역구내 사고,서대문역,17:46
2024-04-19,출입문관련,충정로역,9:36
2024-04-19,역구내 사고,마포구청역,21:58
2024-04-19,발빠짐,고속터미널역,15:28
2024-04-16,열차내 사고,온수역,17:37
2024-04-16,출입문관련,공덕역,17:23
2024-04-15,열차내 사고,청구역,19:11
2024-04-15,열차내 사고,공덕역,17:56
2024-04-14,출입문관련,숭실대입구역,9:00
2024-04-14,발빠짐,동대문역사문화공원역,10:55
2024-04-14,출입문관련,동대문역사문화공원역,19:48
2024-04-13,출입문관련,여의나루역,15:04
2024-04-12,출입문관련,상일동역,10:23
2024-04-11,출입문관련,동대문역사문화공원역,7:56
2024-04-11,열차내 사고,까치산역,8:11
2024-04-07,열차내 사고,종로3가역,16:14
2024-04-06,출입문관련,동대문역사문화공원역,19:00
2024-04-06,출입문관련,신림역,18:54
2024-04-05,출입문관련,강동역,12:50
2024-04-04,열차내 사고,경복궁역,18:38
2024-04-03,기타,,16:30
2024-04-01,출입문관련,창동역,11:13
2024-03-29,승강설비관련,응암역,7:42
2024-03-29,발빠짐,압구정역,15:09
2024-03-28,출입문관련,회현역,15:24
2024-03-28,열차내 사고,가산디지털단지역,8:04
2024-03-28,발빠짐,충무로역,9:00
2024-03-27,출입문관련,올림픽공원역,8:40
2024-03-27,출입문관련,올림픽공원역,8:39
2024-03-26,열차내 사고,강남역,8:40
2024-03-26,열차내 사고,강남역,8:40
2024-03-25,열차내 사고,강변역,15:00
2024-03-25,열차내 사고,보라매역,18:39
2024-03-23,열차내 사고,도봉산역,14:50
2024-03-23,역구내 사고,태릉입구역,7:36
2024-03-22,발빠짐,합정역,7:28
2024-03-20,역구내 사고,영등포시장역,17:47
2024-03-20,출입문관련,혜화역,18:30
2024-03-19,출입문관련,화곡역,18:15
2024-03-18,역구내 사고,종각역,9:28
2024-03-18,열차내 사고,고덕역,15:31
2024-03-18,출입문관련,이수역,17:41
2024-03-17,승강설비관련,회현역,11:26
2024-03-16,출입문관련,방화역,15:49
2024-03-16,발빠짐,제기동역,14:38
2024-03-15,출입문관련,서울역,15:53
2024-03-15,발빠짐,구로디지털단지역,14:41
2024-03-14,열차내 사고,월계역,20:05
2024-03-13,열차내 사고,고객의 소리,7:52
2024-03-13,열차내 사고,교대역,15:00
2024-03-13,발빠짐,한양대역,18:00
2024-03-13,역구내 사고,창동역,7:05
2024-03-12,발빠짐,합정역,7:57
2024-03-11,출입문관련,왕십리역,18:30
2024-03-09,출입문관련,코레일,15:55
2024-03-08,출입문관련,선릉역,10:37
2024-03-08,출입문관련,강변역,18:38
2024-03-07,열차내 사고,봉천역,17:31
2024-03-06,열차내 사고,강남구청역,9:26
2024-03-06,발빠짐,동대문역,8:14
2024-03-06,열차내 사고,낙성대역,15:51
2024-03-06,열차내 사고,공릉역,9:15
2024-03-05,출입문관련,신도림역,7:56
2024-03-02,출입문관련,남한산성입구역,6:51
2024-02-28,역구내 사고,잠원역,13:10
2024-02-28,역구내 사고,강남역,11:51
2024-02-28,출입문관련,먹골역,10:55
2024-02-25,역구내 사고,봉천역,13:51
2024-02-24,출입문관련,성신여대입구역,16:15
2024-02-23,열차내 사고,목동역,12:38
2024-02-23,발빠짐,동대문역,12:09
2024-02-22,승강설비관련,길음역,18:14
2024-02-22,역구내 사고,학동역,17:08
2024-02-21,열차내 사고,강동역,12:30
2024-02-21,승강설비관련,까치산역,17:29
2024-02-20,기타,종로3가역,17:34
2024-02-20,역구내 사고,동대문역사문화공원역,11:23
2024-02-19,역구내 사고,교대역,21:01
2024-02-17,출입문관련,강남역,12:49
2024-02-17,발빠짐,동대문역,20:25
2024-02-17,출입문관련,미아사거리역,13:55
2024-02-16,출입문관련,아차산역,22:11
2024-02-16,출입문관련,아차산역,22:11
2024-02-15,출입문관련,마장역,15:42
2024-02-15,출입문관련,아현역,13:51
2024-02-15,역구내 사고,대청역,16:52
2024-02-15,승강설비관련,송정역,9:03
2024-02-14,출입문관련,부평역,15:12
2024-02-14,기타,유선접수,9:30
2024-02-14,승강설비관련,가산디지털단지역,20:20
2024-02-09,승강설비관련,상봉역,14:00
2024-02-08,승강설비관련,천왕역,16:10
2024-02-07,역구내 사고,혜화역,18:49
2024-02-06,발빠짐,동대문역사문화공원역,19:42
2024-02-06,출입문관련,건대입구역,11:49
2024-02-05,출입문관련,천호역,16:14
2024-02-03,역구내 사고,철산역,12:00
2024-02-03,출입문관련,신용산역,19:02
2024-02-03,출입문관련,신용산역,19:02
2024-02-02,역구내 사고,장한평역,20:25
2024-02-01,발빠짐,동대문역사문화공원역,14:41
2024-01-31,출입문관련,구파발역,14:13
2024-01-31,승강설비관련,논현역,20:41
2024-01-31,열차내 사고,신촌역,21:00
2024-01-30,출입문관련,수서역,8:46
2024-01-30,역구내 사고,사당역,7:04
2024-01-30,열차내 사고,신대방역,7:59
2024-01-30,발빠짐,동대문역사문화공원역,8:00
2024-01-29,역구내 사고,강동역,7:00
2024-01-29,역구내 사고,군자역,12:32
2024-01-27,발빠짐,성신여대입구역,15:59
2024-01-26,승강설비관련,성신여대입구역,17:22
2024-01-25,열차내 사고,신림역,8:00
2024-01-24,출입문관련,구파발역,12:50
2024-01-21,출입문관련,천호역,14:14
2024-01-21,승강설비관련,쌍문역,11:30
2024-01-20,열차내 사고,천호역,16:52
2024-01-19,출입문관련,송내역,17:40
2024-01-19,발빠짐,군자역,19:00
2024-01-18,열차내 사고,사당역,16:50
2024-01-18,열차내 사고,방배역,16:45
2024-01-17,출입문관련,선릉역,12:06
2024-01-17,역구내 사고,망원역,21:33
2024-01-17,역구내 사고,약수역,22:29
2024-01-17,발빠짐,철산역,19:02
2024-01-15,역구내 사고,회현역,12:32
2024-01-14,열차내 사고,신도림역,16:35
2024-01-14,역구내 사고,약수역,14:50
2024-01-14,열차내 사고,신도림역,16:35
2024-01-13,역구내 사고,을지로3가역,17:16
2024-01-13,발빠짐,발산역,17:02
2024-01-13,역구내 사고,수서역,12:50
2024-01-12,발빠짐,석촌역,8:36
2024-01-11,역구내 사고,신촌역,14:00
2024-01-11,출입문관련,발산역,16:37
2024-01-11,역구내 사고,구의역,23:30
2024-01-10,발빠짐,홍제역,6:54
2024-01-10,열차내 사고,강남역,20:18
2024-01-09,출입문관련,마두역,15:38
2024-01-08,승강설비관련,오금역,7:42
2024-01-08,출입문관련,교대역,7:42
2024-01-07,발빠짐,동대문역,11:21
2024-01-06,열차내 사고,수서역,19:55
2024-01-05,역구내 사고,가락시장역,8:00
2024-01-04,역구내 사고,오금역,8:21
2024-01-03,발빠짐,철산역,7:58
2024-01-02,출입문관련,동대문역사문화공원역,8:26
2023-12-30,출입문관련,을지로4가역,13:37
2023-12-30,열차내 사고,을지로3가역,12:37
2023-12-27,발빠짐,충무로역,17:43
2023-12-27,열차내 사고,문정역,8:35
2023-12-26,출입문관련,신정역,12:09
2023-12-26,출입문관련,신도림역,8:57
2023-12-26,출입문관련,대림역,20:46
2023-12-25,역구내 사고,봉천역,15:30
2023-12-24,열차내 사고,오금역,11:48
2023-12-24,역구내 사고,신대방역,10:37
2023-12-24,역구내 사고,회현역,20:58
2023-12-23,역구내 사고,신도림역,10:10
2023-12-22,역구내 사고,군자역,23:30
2023-12-22,열차내 사고,신대방삼거리역,8:15
2023-12-21,역구내 사고,신금호역,0:32
2023-12-21,역구내 사고,충정로역,8:18
2023-12-20,역구내 사고,연신내역,11:58
2023-12-20,역구내 사고,합정역,11:10
2023-12-20,발빠짐,충무로역,17:17
2023-12-20,승강설비관련,연신내역,11:58
2023-12-20,발빠짐,신정역,8:01
2023-12-18,열차내 사고,사당역,14:13
2023-12-18,출입문관련,공덕역,19:22
2023-12-17,역구내 사고,신당역,11:53
2023-12-16,역구내 사고,독립문역,7:30
2023-12-16,역구내 사고,신당역,23:53
2023-12-15,역구내 사고,수유역,8:46
2023-12-15,역구내 사고,동묘앞역,6:54
2023-12-15,발빠짐,서울역,7:24
2023-12-14,역구내 사고,남부터미널역,15:17
2023-12-14,열차내 사고,낙성대역,8:32
2023-12-14,발빠짐,사당역,8:32
2023-12-14,승강설비관련,하계역,11:41
2023-12-14,발빠짐,구로디지털단지역,8:38
2023-12-14,출입문관련,선릉역,11:07
2023-12-14,열차내 사고,신대방역,22:05
2023-12-13,역구내 사고,수서역,12:50
2023-12-12,출입문관련,숭실대입구역,18:22
2023-12-12,역구내 사고,서울대입구역,10:40
2023-12-12,출입문관련,강동역,7:40
2023-12-11,열차내 사고,대방역,12:04
2023-12-11,출입문관련,복정역,18:24
2023-12-08,승강설비관련,디지털미디어시티역,8:51
2023-12-07,발빠짐,몽촌토성역,22:21
2023-12-06,출입문관련,대청역,6:50
2023-12-06,승강설비관련,대림역,10:27
2023-12-06,출입문관련,명동역,18:06
2023-12-06,승강설비관련,상봉역,14:19
2023-12-05,발빠짐,서울역,9:59
2023-12-04,출입문관련,창동역,12:04
2023-12-04,역구내 사고,신설동역,8:11
2023-12-01,승강설비관련,태릉입구역,12:35
2023-12-01,열차내 사고,선릉역,18:18
2023-12-01,열차내 사고,신도림역,18:18
2023-12-01,역구내 사고,역삼역,15:28
2023-11-30,발빠짐,신림역,8:26
2023-11-29,승강설비관련,신대방삼거리역,15:19
2023-11-29,승강설비관련,신대방삼거리역,16:38
2023-11-28,역구내 사고,약수역,11:18
2023-11-28,발빠짐,동대문역사문화공원역,18:40
2023-11-27,발빠짐,철산역,9:40
2023-11-25,출입문관련,아현역,13:47
2023-11-24,출입문관련,산본역,8:44
2023-11-24,열차내 사고,종로5가역,9:05
2023-11-24,역구내 사고,왕십리역,20:20
2023-11-21,출입문관련,동대문역사문화공원역,18:32
2023-11-20,출입문관련,대림역,7:20
2023-11-19,발빠짐,압구정역,19:02
2023-11-19,열차내 사고,성수역,9:50
2023-11-19,역구내 사고,온수역,17:00
2023-11-18,역구내 사고,한강진역,10:15
2023-11-18,역구내 사고,구의역,0:30
2023-11-17,승강설비관련,하계역,13:45
2023-11-16,열차내 사고,디지털미디어시티역,16:01
2023-11-16,출입문관련,방화역,11:53
2023-11-16,열차내 사고,문정역,9:25
2023-11-16,역구내 사고,사당역,15:38
2023-11-16,발빠짐,구로디지털단지역,8:55
2023-11-15,발빠짐,신길역,11:37
2023-11-15,출입문관련,오목교역,15:36
2023-11-14,출입문관련,건대입구역,8:50
2023-11-14,열차내 사고,회현역,8:17
2023-11-14,출입문관련,군자역,10:04
2023-11-14,열차내 사고,혜화역,8:17
2023-11-13,출입문관련,응암영,17:46
2023-11-12,출입문관련,합정역,10:11
2023-11-11,출입문관련,이수역,19:53
2023-11-10,출입문관련,신길역,18:39
2023-11-10,역구내 사고,혜화역,14:10
2023-11-09,역구내 사고,서초역,18:55
2023-11-09,출입문관련,종로3가역,19:28
2023-11-09,발빠짐,한성대입구역,19:25
2023-11-08,발빠짐,구로디지털단지역,8:16
2023-11-08,열차내 사고,신대방역,15:25
2023-11-07,출입문관련,청담역,17:42
2023-11-07,출입문관련,방이역,8:59
2023-11-06,승강설비관련,강남역,14:30
2023-11-06,승강설비관련,역삼역,8:37
2023-11-06,승강설비관련,역삼역,8:37
2023-11-06,역구내 사고,신정네거리역,7:57
2023-11-04,역구내 사고,경복궁역,18:22
2023-11-04,역구내 사고,숙대입구역,11:22
2023-11-03,출입문관련,이촌역,11:04
2023-11-03,출입문관련,산본역,19:38
2023-11-03,발빠짐,신촌역,18:09
2023-11-03,발빠짐,경찰병원역,19:36
2023-11-02,출입문관련,을지로3가역,14:33
2023-11-01,출입문관련,홍대입구역,5:52
2023-11-01,발빠짐,발산역,14:46
2023-11-01,승강설비관련,행당역,10:20
2023-11-01,출입문관련,홍대입구역,5:52
2023-11-01,출입문관련,노원역,13:52
2023-11-01,출입문관련,구파발역,18:42
2023-10-27,열차내 사고,애오개역,19:00
2023-10-26,열차내 사고,선릉역,8:36
2023-10-26,역구내 사고,선릉역,7:15
2023-10-26,열차내 사고,선릉역,8:32
2023-10-26,출입문관련,면목역,20:39
2023-10-26,출입문관련,상일동,17:32
2023-10-26,열차내 사고,강남역,8:45
2023-10-26,열차내 사고,강남역,8:45
2023-10-26,열차내 사고,봉천역,8:45
2023-10-25,출입문관련,녹번역,9:20
2023-10-23,역구내 사고,강남구청역,19:00
2023-10-23,출입문관련,월곡역,18:03
2023-10-23,발빠짐,발산역,23:10
2023-10-22,출입문관련,신길역,16:13
2023-10-20,출입문관련,먹골역,17:26
2023-10-19,출입문관련,종로3가역,20:40
2023-10-19,역구내 사고,구로디지털단지역,17:11
2023-10-19,열차내 사고,도봉산역,7:02
2023-10-18,출입문관련,태릉입구역,18:30
2023-10-18,출입문관련,성신여대입구역,15:02
2023-10-17,역구내 사고,시청역,14:15
2023-10-17,역구내 사고,시청역,14:20
2023-10-16,출입문관련,강동역,7:43
2023-10-16,역구내 사고,청담역,7:55
2023-10-15,역구내 사고,광명사거리역,21:00
2023-10-13,승강설비관련,성수역,14:49
2023-10-13,출입문관련,성수역,16:15
2023-10-12,발빠짐,동대문역사문화공원역,8:19
2023-10-11,출입문관련,노원역,18:24
2023-10-11,열차내 사고,구의역,10:45
2023-10-11,출입문관련,청량리역,13:29
2023-10-11,열차내 사고,구로,8:49
2023-10-11,승강설비관련,봉천역,9:40
2023-10-11,발빠짐,철산역,8:37
2023-10-10,출입문관련,마곡역,8:36
2023-10-10,열차내 사고,오목교역,8:18
2023-10-09,출입문관련,월드컵경기장역,19:14
2023-10-06,역구내 사고,목동역,14:22
2023-10-06,출입문관련,우장산역,15:49
2023-10-06,출입문관련,송정역,12:02
2023-10-05,출입문관련,공덕역,10:14
2023-10-04,역구내 사고,신사역,18:17
2023-10-04,역구내 사고,고속터미널역,11:40
2023-10-02,출입문관련,약수역,15:30
2023-09-30,출입문관련,양재역,13:40
2023-09-29,승강설비관련,약수역,17:27
2023-09-29,역구내 사고,봉천역,17:09
2023-09-27,역구내 사고,숭실대입구역,17:50
2023-09-26,출입문관련,구로디지털단지역,12:44
2023-09-26,발빠짐,발산역,18:23
2023-09-26,출입문관련,경복궁역,8:44
2023-09-25,역구내 사고,창동역,8:40
2023-09-25,역구내 사고,남부터미널역,20:15
2023-09-25,출입문관련,군자역,17:45
2023-09-25,출입문관련,신금호역,10:46
2023-09-25,출입문관련,군자역,11:25
2023-09-24,출입문관련,구로역,12:43
2023-09-23,출입문관련,종로5가역,13:44
2023-09-23,출입문관련,가락시장역,14:37
2023-09-21,출입문관련,동대문역사문화공원역,18:19
2023-09-20,역구내 사고,신사역,18:05
2023-09-20,역구내 사고,군자역,8:04
2023-09-20,승강설비관련,신대방삼거리역,8:30
2023-09-20,역구내 사고,교대역,8:39
2023-09-18,출입문관련,노원역,8:13
2023-09-18,승강설비관련,역촌역,19:36
2023-09-18,발빠짐,동대문역사문화공원역,19:51
2023-09-16,출입문관련,서울역,16:18
2023-09-15,역구내 사고,봉천역,15:40
2023-09-15,열차내 사고,,15:06
2023-09-14,발빠짐,도봉산역,17:19
2023-09-14,발빠짐,동대문역사문화공원역,7:46
2023-09-13,승강설비관련,종로3가역,12:52
2023-09-13,역구내 사고,경찰병원역,16:27
2023-09-13,역구내 사고,종로3가역,12:52
2023-09-10,열차내 사고,연신내역,11:24
2023-09-10,열차내 사고,신당역,11:44
2023-09-09,출입문관련,송정역,19:54
2023-09-09,출입문관련,동대문역사문화공원역,16:59
2023-09-09,역구내 사고,가산디지털단지역,10:40
2023-09-08,발빠짐,고속터미널역,17:48
2023-09-08,역구내 사고,교대역,16:26
2023-09-08,출입문관련,낙성대역,13:47
2023-09-08,출입문관련,잠원역,9:33
2023-09-07,발빠짐,동대입구역,18:13
2023-09-07,출입문관련,이수역,19:35
2023-09-07,출입문관련,구로디지털단지역,18:24
2023-09-07,발빠짐,서울역,18:13
2023-09-05,출입문관련,잠실역,9:48
2023-09-05,출입문관련,명일역,18:29
2023-09-05,출입문관련,신정네거리역,15:28
2023-09-05,출입문관련,신도림역,8:03
2023-09-04,출입문관련,서울역,8:25
2023-09-02,출입문관련,학동역,16:03
2023-09-01,출입문관련,신림역,16:55
2023-09-01,승강설비관련,청량리역,18:27
2023-08-31,출입문관련,양재역,7:40
2023-08-30,발빠짐,서대문역,8:30
2023-08-30,출입문관련,교대역,16:16
2023-08-30,출입문관련,미아사거리역,8:20
2023-08-30,열차내 사고,청량리역,7:34
2023-08-30,열차내 사고,청량리역,7:34
2023-08-29,출입문관련,성수역,13:32
2023-08-29,출입문관련,신사역,17:36
2023-08-29,역구내 사고,왕십리역,11:33
2023-08-29,출입문관련,성수역,13:32
2023-08-28,열차내 사고,태릉입구역,7:09
2023-08-28,역구내 사고,종각역,13:41
2023-08-28,역구내 사고,증산역,7:39
2023-08-28,역구내 사고,창신역,11:22
2023-08-28,승강설비관련,철산역,8:16
2023-08-27,발빠짐,충무로역,12:59
2023-08-26,출입문관련,상일동역,15:57
2023-08-25,역구내 사고,수서역,18:48
2023-08-24,역구내 사고,연신내역,7:18
2023-08-24,출입문관련,종각역,8:52
2023-08-24,발빠짐,동대문역사문화공원역,18:20
2023-08-23,발빠짐,고속터미널역,20:16
2023-08-23,역구내 사고,강변역,6:14
2023-08-23,출입문관련,시청역,17:18
2023-08-22,출입문관련,을지로3가역,7:38
2023-08-22,발빠짐,강변역,8:07
2023-08-22,출입문관련,명동역,14:57
2023-08-20,역구내 사고,오금역,10:19
2023-08-19,승강설비관련,신도림역,16:30
2023-08-18,열차내 사고,잠실역,7:39
2023-08-18,출입문관련,신도림역,19:24
2023-08-17,열차내 사고,을지로4가역,18:30
2023-08-17,출입문관련,충무로역,8:26
2023-08-17,열차내 사고,을지로4가역,18:20
2023-08-17,출입문관련,영등포구청역,17:25
2023-08-17,열차내 사고,을지로4가역,18:20
2023-08-17,열차내 사고,을지로3가역,18:20
2023-08-17,열차내 사고,시청역,14:30
2023-08-16,열차내 사고,중곡역,8:25
2023-08-16,역구내 사고,역촌역,19:00
2023-08-16,역구내 사고,학여울역,14:03
2023-08-16,열차내 사고,어린이대공원역,8:21
2023-08-15,출입문관련,서울역,13:57
2023-08-14,역구내 사고,천왕역,18:40
2023-08-13,열차내 사고,방화역,15:30
2023-08-12,역구내 사고,어린이대공원역,13:35
2023-08-11,승강설비관련,역삼역,9:50
2023-08-11,출입문관련,동대문역사문화공원역,12:47
2023-08-10,출입문관련,영등포구청역,9:17
2023-08-09,역구내 사고,중계역,11:19
2023-08-07,역구내 사고,노원역,15:47
2023-08-07,발빠짐,개화산역,14:50
2023-08-07,열차내 사고,쌍문역,8:57
2023-08-07,출입문관련,군자역,21:32
2023-08-03,발빠짐,동대문역사문화공원역,9:15
2023-08-03,출입문관련,잠실역,9:18
2023-08-03,발빠짐,동묘앞역,7:40
2023-08-02,출입문관련,면목역,10:03
2023-07-31,승강설비관련,독립문역,15:56
2023-07-31,역구내 사고,논현역,9:15
2023-07-30,열차내 사고,중계역,22:00
2023-07-30,역구내 사고,동묘앞역,18:10
2023-07-25,발빠짐,철산역,17:48
2023-07-25,출입문관련,여의나루역,16:06
2023-07-24,출입문관련,이수역,8:09
2023-07-24,출입문관련,회현역,18:46
2023-07-23,출입문관련,신촌역,21:15
2023-07-22,발빠짐,압구정역,13:24
2023-07-21,발빠짐,불광역,18:09
2023-07-19,역구내 사고,남위례역,14:40
2023-07-19,역구내 사고,잠실역,7:25
2023-07-18,열차내 사고,대화역,10:25
2023-07-18,열차내 사고,방이역,8:07
2023-07-18,열차내 사고,암사역,16:00
2023-07-17,출입문관련,성수역,8:55
2023-07-17,출입문관련,당산역,12:53
2023-07-16,역구내 사고,불광역,20:27
2023-07-15,역구내 사고,대치역,7:52
2023-07-15,열차내 사고,대림역,11:55
2023-07-14,역구내 사고,사당역,20:10
2023-07-14,역구내 사고,용두역,11:06
2023-07-14,역구내 사고,안국역,15:30
2023-07-14,열차내 사고,종로3가역,17:40
2023-07-13,열차내 사고,서초역,22:17
2023-07-13,역구내 사고,종로5가역,18:19
2023-07-12,출입문관련,태릉입구역,16:15
2023-07-12,승강설비관련,신당역,8:31
2023-07-12,열차내 사고,서울대입구역,22:16
2023-07-11,역구내 사고,도봉산역,17:47
2023-07-11,역구내 사고,강변역,10:18
2023-07-11,발빠짐,신촌역,18:56
2023-07-09,역구내 사고,신림역,11:32
2023-07-08,열차내 사고,시청역,11:06
2023-07-07,발빠짐,방배역,18:29
2023-07-07,열차내 사고,제S475열차,18:09
2023-07-07,출입문관련,합정역,18:02
2023-07-06,역구내 사고,교대역,21:11
2023-07-05,출입문관련,종로5가역,9:47
2023-07-05,출입문관련,사당역,18:18
2023-07-04,열차내 사고,코레일,14:40
2023-07-04,승강설비관련,잠실역,19:54
2023-07-04,열차내 사고,합정역,8:25
2023-07-04,승강설비관련,연신내역,16:18
2023-07-02,기타,교대역,12:00
2023-07-02,출입문관련,혜화역,15:24
2023-07-02,출입문관련,디지털미디어시티역,10:03
2023-06-30,승강설비관련,청량리역,6:13
2023-06-30,승강설비관련,천호역,9:42
2023-06-29,승강설비관련,이수역,9:56
2023-06-29,출입문관련,발산역,14:00
2023-06-29,역구내 사고,잠실나루역,11:14
2023-06-29,열차내 사고,대림역,11:09
2023-06-27,출입문관련,창동역,18:42
2023-06-27,역구내 사고,종로3가역,15:10
2023-06-27,출입문관련,구로디지털단지역,17:55
2023-06-27,출입문관련,성수역,8:51
2023-06-26,출입문관련,지축역,19:06
2023-06-25,발빠짐,서대문역,12:23
2023-06-23,열차내 사고,교대역,18:42
2023-06-23,출입문관련,수유역,11:32
2023-06-23,발빠짐,동대문역,13:53
2023-06-23,발빠짐,연신내역,7:36
2023-06-22,출입문관련,당산역,9:08
2023-06-22,승강설비관련,음암역,10:46
2023-06-21,출입문관련,쌍문역,17:31
2023-06-21,열차내 사고,서울대입구역,10:37
2023-06-20,발빠짐,신촌역,13:17
2023-06-19,출입문관련,을지로3가역,17:08
2023-06-19,출입문관련,연신내역,14:23
2023-06-19,발빠짐,아현역,16:43
2023-06-19,발빠짐,성신여대입구역,17:50
2023-06-19,열차내 사고,고속터미널역,15:34
2023-06-17,출입문관련,신도림역,16:00
2023-06-16,출입문관련,동대문역사문화공원역,13:35
2023-06-16,출입문관련,경찰병원역,16:07
2023-06-16,출입문관련,천왕역,14:30
2023-06-15,역구내 사고,왕십리역,19:26
2023-06-15,승강설비관련,암사역,16:12
2023-06-14,열차내 사고,신대방역,11:28
2023-06-14,발빠짐,성신여대입구역,12:12
2023-06-14,출입문관련,뚝섬역,16:08
2023-06-13,발빠짐,종로3가역,9:16
2023-06-13,승강설비관련,약수역,7:54
2023-06-13,발빠짐,신금호역,13:47
2023-06-11,출입문관련,잠실역,14:27
2023-06-11,승강설비관련,우장산역,17:02
2023-06-11,역구내 사고,신정네거리역,19:38
2023-06-10,역구내 사고,마들역,16:31
2023-06-09,출입문관련,인덕원역,18:02
2023-06-09,역구내 사고,창동역,19:51
2023-06-08,열차내 사고,화서역,18:23
2023-06-07,역구내 사고,신당역,16:40
2023-06-05,출입문관련,을지로입구역,14:02
2023-06-05,승강설비관련,월드컵경기장역,16:53
2023-06-04,역구내 사고,봉천역,22:37
2023-06-03,출입문관련,군자역,16:15
2023-06-02,발빠짐,도봉산역,18:26
2023-06-01,발빠짐,신촌역,8:24
2023-05-31,승강설비관련,논현역,18:02
2023-05-31,출입문관련,사가정역,11:57
2023-05-31,출입문관련,오남역,10:37
2023-05-30,역구내 사고,고속터미널역,13:15
2023-05-30,발빠짐,충무로역,20:19
2023-05-30,역구내 사고,몽촌토성역,8:05
2023-05-28,역구내 사고,구파발역,18:20
2023-05-27,출입문관련,낙성대역,22:10
2023-05-27,출입문관련,장승배기역,16:48
2023-05-27,승강설비관련,신정네거리역,16:17
2023-05-26,출입문관련,서울역,10:33
2023-05-25,출입문관련,인천역,7:50
2023-05-25,출입문관련,신도림역,10:49
2023-05-25,열차내 사고,문래역,8:33
2023-05-23,열차내 사고,청량리역,14:03
2023-05-23,역구내 사고,천호역,8:26
2023-05-20,출입문관련,홍대입구역,16:06
2023-05-20,역구내 사고,봉천역,18:09
2023-05-19,역구내 사고,시청역,11:40
2023-05-19,역구내 사고,서초역,15:13
2023-05-19,출입문관련,동대문역사문화공원역,16:20
2023-05-18,역구내 사고,장승배기역,20:30
2023-05-18,발빠짐,동대문역사문화공원역,15:07
2023-05-18,열차내 사고,을지로입구역,17:45
2023-05-17,출입문관련,발산역,11:44
2023-05-17,출입문관련,봉천역,18:09
2023-05-15,열차내 사고,3130열차,9:20
2023-05-14,열차내 사고,청량리역,14:56
2023-05-14,열차내 사고,청량리역,12:09
2023-05-14,역구내 사고,동대입구역,19:05
2023-05-11,열차내 사고,사당역,8:22
2023-05-11,출입문관련,발산역,17:28
2023-05-11,열차내 사고,봉천역,8:22
2023-05-11,발빠짐,충무로역,16:19
2023-05-11,열차내 사고,신림역,8:22
2023-05-10,역구내 사고,사당역,8:14
2023-05-10,열차내 사고,마장역,17:50
2023-05-08,열차내 사고,남영역,17:09
2023-05-08,발빠짐,을지로4가역,18:16
2023-05-08,출입문관련,구산역,18:33
2023-05-08,출입문관련,사당역,9:59
2023-05-07,열차내 사고,신설동역,18:00
2023-05-07,열차내 사고,중화역,13:54
2023-05-06,역구내 사고,합정역,16:49
2023-05-06,승강설비관련,성수역,13:16
2023-05-03,승강설비관련,구로디지털단지역,12:25
2023-05-02,출입문관련,화곡역,20:30
2023-05-02,발빠짐,어린이대공원역,8:31
2023-04-30,열차내 사고,청담역,10:30
2023-04-30,발빠짐,신촌역,22:57
2023-04-29,열차내 사고,사당역,0:05
2023-04-29,역구내 사고,사당역,9:21
2023-04-29,승강설비관련,고속터미널역,17:14
2023-04-27,열차내 사고,시청역,16:30
2023-04-27,발빠짐,서울역,12:36
2023-04-27,열차내 사고,동인천역,16:40
2023-04-26,열차내 사고,오류동역,13:30
2023-04-25,열차내 사고,낙성대역,8:30
2023-04-25,열차내 사고,삼성역,8:38
2023-04-24,열차내 사고,하남시청역,18:10
2023-04-22,출입문관련,방이역,15:07
2023-04-21,열차내 사고,천왕역,9:40
2023-04-21,역구내 사고,건대입구역,11:00
2023-04-19,출입문관련,하계역,10:38
2023-04-19,출입문관련,사당역,9:28
2023-04-19,발빠짐,고속터미널역,15:28
2023-04-18,승강설비관련,대흥역,8:18
2023-04-18,출입문관련,충무로역,16:06
2023-04-17,역구내 사고,창동역,13:39
2023-04-13,발빠짐,구파발역,11:32
2023-04-13,열차내 사고,신림역,18:44
2023-04-12,역구내 사고,사당역,16:06
2023-04-12,역구내 사고,사당역,15:15
2023-04-11,역구내 사고,사당역,7:13
2023-04-10,발빠짐,동대문역,17:15
2023-04-09,출입문관련,사당역,12:51
2023-04-08,발빠짐,신촌역,12:47
2023-04-08,발빠짐,아현역,12:47
2023-04-06,열차내 사고,고객의소리,19:00
2023-04-06,열차내 사고,송정역,18:58
2023-04-05,출입문관련,광명사거리역,8:35
2023-04-05,역구내 사고,모란역,9:26
2023-04-04,역구내 사고,남한산성입구역,20:36
2023-04-04,출입문관련,김포공항역,15:38
2023-04-04,역구내 사고,남한산성입구역,20:36
2023-04-03,열차내 사고,동대문역,12:18
2023-04-02,출입문관련,미사역,11:24
2023-04-01,출입문관련,신당역,18:03
2023-04-01,출입문관련,동작역,11:50
2023-03-31,출입문관련,신도림역,17:41
2023-03-30,발빠짐,종로3가역,8:28
2023-03-28,승강설비관련,고속터미널역,12:11
2023-03-27,출입문관련,불광역,18:57
2023-03-27,출입문관련,창동역,7:23
2023-03-25,승강설비관련,까치산역,22:30
2023-03-25,열차내 사고,시청역,14:20
2023-03-24,출입문관련,노원역,16:00
2023-03-24,출입문관련,동대문역사문화공원역,18:09
2023-03-23,발빠짐,개화산역,12:02
2023-03-23,출입문관련,연신내역,11:45
2023-03-22,출입문관련,수락산역,0:55
2023-03-22,발빠짐,고속터미널역,20:49
2023-03-22,열차내 사고,암사역,18:20
2023-03-22,발빠짐,방배역,18:27
2023-03-21,승강설비관련,새절역,6:04
2023-03-21,열차내 사고,장한평역,19:05
2023-03-21,출입문관련,영등포시장역,9:47
2023-03-20,출입문관련,삼송역,9:17
2023-03-19,발빠짐,동묘앞역,15:59
2023-03-18,승강설비관련,약수역,19:30
2023-03-14,출입문관련,천호역,14:59
2023-03-14,출입문관련,모란역,14:59
2023-03-13,열차내 사고,서울역,0:00
2023-03-13,발빠짐,사당역,18:00
2023-03-11,출입문관련,사당역,14:15
2023-03-11,승강설비관련,종로3가역,16:22
2023-03-10,열차내 사고,석계역,17:56
2023-03-10,역구내 사고,강동역,7:06
2023-03-10,역구내 사고,석계역,11:23
2023-03-10,출입문관련,상계역,10:45
2023-03-10,출입문관련,신도림역,16:32
2023-03-09,열차내 사고,신림역,8:29
2023-03-09,역구내 사고,을지로3가역,15:30
2023-03-09,열차내 사고,석계역,17:56
2023-03-08,열차내 사고,서대문역,18:23
2023-03-07,열차내 사고,봉천역,8:51
2023-03-07,역구내 사고,사당역,23:29
2023-03-06,출입문관련,교대역,18:55
2023-03-04,출입문관련,방화역,16:49
2023-03-03,역구내 사고,을지로3가역,14:17
2023-03-03,열차내 사고,목동역,18:12
2023-03-02,출입문관련,동대문역사문화공원역,7:11
2023-03-02,발빠짐,홍제역,8:12
2023-03-02,출입문관련,동대문역사문화공원역,7:11
2023-02-28,역구내 사고,무악재역,11:57
2023-02-27,발빠짐,청량리역,8:05
2023-02-27,출입문관련,사당역,18:41
2023-02-27,발빠짐,청량리역,8:05
2023-02-26,승강설비관련,오목교역,15:58
2023-02-25,출입문관련,구로디지털단지역,9:31
2023-02-25,열차내 사고,구의역,9:31
2023-02-24,승강설비관련,마들역,12:26
2023-02-23,역구내 사고,삼성역,12:45
2023-02-23,출입문관련,종로3가역,8:45
2023-02-23,출입문관련,남부터미널역,16:48
2023-02-23,출입문관련,방화역,8:46
2023-02-22,출입문관련,남한산성역,8:59
2023-02-21,역구내 사고,금호역,12:31
2023-02-20,열차내 사고,종로3가역,18:15
2023-02-20,열차내 사고,합정역,18:34
2023-02-18,출입문관련,남성역,16:49
2023-02-15,열차내 사고,신설동역,9:15
2023-02-15,열차내 사고,종로3가역,9:25
2023-02-14,열차내 사고,금정역,8:30
2023-02-13,열차내 사고,양평역,19:46
2023-02-12,열차내 사고,금정역,19:35
2023-02-10,열차내 사고,천호역,8:30
2023-02-10,열차내 사고,을지로3가역,16:27
2023-02-10,열차내 사고,회기역,18:38
2023-02-08,역구내 사고,경복궁역,11:00
2023-02-08,출입문관련,서초역,15:06
2023-02-07,발빠짐,군자역,8:20
2023-02-07,출입문관련,아차산역,17:59
2023-02-06,출입문관련,구로디지털단지역,8:14
2023-02-04,출입문관련,선릉역,13:21
2023-02-03,출입문관련,오금역,17:51
2023-01-31,역구내 사고,선릉역,6:02
2023-01-30,열차내 사고,신설동역,18:34
2023-01-30,역구내 사고,잠실역,15:29
2023-01-30,역구내 사고,애오개역,9:33
2023-01-30,발빠짐,동대문역사문화공원역,8:10
2023-01-30,역구내 사고,잠실역,15:29
2023-01-29,기타,고려대역,16:34
2023-01-29,발빠짐,신촌역,22:07
2023-01-29,역구내 사고,고려대역,17:51
2023-01-28,역구내 사고,종로3가역,22:07
2023-01-28,승강설비관련,논현역,7:04
2023-01-28,발빠짐,동대문역사문화공원역,18:58
2023-01-28,열차내 사고,성신여대입구역,18:24
2023-01-27,열차내 사고,고속터미널역,9:10
2023-01-27,역구내 사고,양재역,8:38
2023-01-26,역구내 사고,종합운동장역,8:19
2023-01-26,역구내 사고,뚝섬유원지역,10:56
2023-01-25,발빠짐,서울역,8:19
2023-01-25,발빠짐,도봉산역,6:56
2023-01-22,역구내 사고,고속터미널역,6:47
2023-01-22,역구내 사고,고속터미널역,6:47
2023-01-19,출입문관련,강동역,13:41
2023-01-18,출입문관련,신도림역,15:30
2023-01-18,열차내 사고,철산역,8:39
2023-01-18,역구내 사고,온수역,8:15
2023-01-17,출입문관련,삼성역,19:09
2023-01-17,발빠짐,동대문역사문화공원역,18:25
2023-01-16,발빠짐,철산역,18:42
2023-01-16,출입문관련,군자역,7:40
2023-01-16,승강설비관련,사당역,13:03
2023-01-15,승강설비관련,약수역,8:59
2023-01-14,발빠짐,충무로역,9:26
2023-01-12,출입문관련,수유역,17:44
2023-01-10,출입문관련,영등포구청역,18:40
2023-01-10,발빠짐,목동역,18:09
2023-01-10,발빠짐,구로디지털단지역,7:43
2023-01-10,열차내 사고,동작역,15:40
2023-01-09,열차내 사고,종로5가역,14:45
2023-01-08,출입문관련,을지로입구역,16:36
2023-01-06,열차내 사고,회기역,9:05
2023-01-06,열차내 사고,시청역,8:23
2023-01-06,열차내 사고,동대문역,8:23
2023-01-06,발빠짐,동대문역사문화공원역,22:37
2023-01-06,열차내 사고,구로역,8:24
2023-01-06,열차내 사고,시청역,8:23
2023-01-04,역구내 사고,역삼역,18:05
2023-01-04,열차내 사고,구의역,12:13
2023-01-04,열차내 사고,청량리역,10:30
2023-01-03,열차내 사고,종각역,9:28
2023-01-03,출입문관련,서울역,9:56
2023-01-02,출입문관련,도화역,15:48
2023-01-02,출입문관련,문래역,8:23
2023-01-02,열차내 사고,낙성대역,15:34
2022-12-30,역구내 사고,광나루역,12:05
2022-12-29,열차내 사고,을지로3가역,18:18
2022-12-27,열차내 사고,동묘앞역,8:09
2022-12-27,열차내 사고,먹골역,11:05
2022-12-26,출입문관련,종로3가역,15:58
2022-12-26,역구내 사고,구파발역,0:08
2022-12-25,출입문관련,대림역,16:27
2022-12-25,출입문관련,장한평역,9:13
2022-12-23,발빠짐,합정역,18:43
2022-12-22,출입문관련,을지로입구역,18:52
2022-12-21,역구내 사고,보라매역,16:50
2022-12-21,역구내 사고,신도림역,18:10
2022-12-21,역구내 사고,용답역,16:21
2022-12-20,승강설비관련,증산역,7:02
2022-12-19,열차내 사고,종로3가역,12:52
2022-12-18,역구내 사고,창동역,7:03
2022-12-18,역구내 사고,창동역,7:03
2022-12-17,역구내 사고,문래역,8:48
2022-12-16,열차내 사고,석촌역,8:01
2022-12-16,출입문관련,동대문역사문화공원역,14:39
2022-12-15,역구내 사고,삼성역,20:45
2022-12-15,승강설비관련,경복궁역,21:49
2022-12-15,역구내 사고,경복궁역,14:37
2022-12-15,열차내 사고,신도림역,12:42
2022-12-12,열차내 사고,오금역,16:53
2022-12-12,역구내 사고,잠실새내역,20:11
2022-12-11,역구내 사고,상봉역,22:28
2022-12-10,출입문관련,회현역,20:43
2022-12-09,열차내 사고,사당역,8:50
2022-12-09,발빠짐,을지로3가역,22:48
2022-12-09,출입문관련,교대역,18:03
2022-12-08,역구내 사고,제기동역,14:56
2022-12-08,출입문관련,천호역,7:52
2022-12-07,열차내 사고,문정역,8:44
2022-12-07,발빠짐,철산역,18:30
2022-12-06,발빠짐,불광역,9:00
2022-12-06,열차내 사고,삼송역,16:05
2022-12-06,역구내 사고,성수역,8:11
2022-12-06,역구내 사고,삼성역,17:22
2022-12-04,열차내 사고,청량리역,13:38
2022-12-03,열차내 사고,신도림역,17:20
2022-12-03,기타,건대입구역,22:00
2022-12-03,열차내 사고,신도림역,17:20
2022-12-03,열차내 사고,신도림역,17:20
2022-12-02,발빠짐,동대문역사문화공원역,19:18
2022-12-01,승강설비관련,한성대입구역,11:12
2022-12-01,승강설비관련,화랑대역,14:56
2022-11-30,발빠짐,서울역,18:42
2022-11-30,발빠짐,회현역,17:29
2022-11-30,열차내 사고,철산역,17:10
2022-11-30,발빠짐,동대문역사문화공원역,7:05
2022-11-30,열차내 사고,연신내역,18:35
2022-11-30,열차내 사고,미아사거리역,10:22
2022-11-29,출입문관련,동대문역사문화공원역,8:29
2022-11-29,열차내 사고,신림역,8:22
2022-11-29,발빠짐,을지로4가역,8:54
2022-11-29,출입문관련,종로3가역,7:50
2022-11-28,승강설비관련,사가정역,15:42
2022-11-28,역구내 사고,신사역,22:05
2022-11-27,승강설비관련,마곡역,15:49
2022-11-26,열차내 사고,아현역,14:29
2022-11-26,열차내 사고,서울역,14:29
2022-11-26,발빠짐,동대문역,14:40
2022-11-25,승강설비관련,압구정역,17:41
2022-11-24,열차내 사고,서울역,14:29
2022-11-24,역구내 사고,구의역,18:10
2022-11-24,열차내 사고,을지로3가역,10:38
2022-11-24,역구내 사고,역삼역,17:29
2022-11-24,출입문관련,신림역,18:58
2022-11-23,출입문관련,장승배기역,13:21
2022-11-23,출입문관련,화곡역,16:18
2022-11-22,발빠짐,금호역,9:21
2022-11-22,발빠짐,금호역,9:21
2022-11-22,발빠짐,왕십리역,8:00
2022-11-22,열차내 사고,혜화역,8:40
2022-11-21,열차내 사고,개봉역,9:59
2022-11-21,열차내 사고,천호역,8:34
2022-11-18,역구내 사고,잠실역,13:21
2022-11-17,승강설비관련,합정역,12:24
2022-11-17,출입문관련,압구정역,15:38
2022-11-17,승강설비관련,합정역,12:24
2022-11-17,승강설비관련,옥수역,8:25
2022-11-16,열차내 사고,도봉산역,8:10
2022-11-16,열차내 사고,사가정역,8:12
2022-11-16,출입문관련,이촌역,15:42
2022-11-15,출입문관련,명일역,17:58
2022-11-15,출입문관련,천호역,19:23
2022-11-14,출입문관련,남위례역,8:35
2022-11-12,출입문관련,왕십리역,16:37
2022-11-12,출입문관련,왕십리역,17:00
2022-11-09,발빠짐,고속터미널역,15:39
2022-11-09,출입문관련,동대문역,13:34
2022-11-08,승강설비관련,신정역,16:14
2022-11-05,열차내 사고,압구정역,8:56
2022-11-05,역구내 사고,구로디지털단지역,17:10
2022-11-03,발빠짐,공릉역,23:04
2022-11-03,열차내 사고,시청역,8:09
2022-11-03,열차내 사고,종각역,8:08
2022-11-03,출입문관련,동대문역사문화공원역,19:38
2022-11-03,열차내 사고,시청역,8:14
2022-11-03,열차내 사고,서울역,8:09
2022-11-01,역구내 사고,숙대입구역,17:16
2022-11-01,출입문관련,을지로3가역,9:16
2022-11-01,열차내 사고,이수역,8:58
2022-10-31,출입문관련,남부터미널역,5:57
2022-10-29,발빠짐,옥수역,22:21
2022-10-27,열차내 사고,철산역,19:10
2022-10-26,발빠짐,동대문역사문화공원역,8:29
2022-10-24,출입문관련,강일역,14:41
2022-10-24,발빠짐,동대문역사문화공원역,7:49
2022-10-24,열차내 사고,충무로역,5:45
2022-10-22,발빠짐,충무로역,20:32
2022-10-22,발빠짐,충무로역,20:32
2022-10-20,승강설비관련,문정역,19:02
2022-10-19,출입문관련,회현역,9:00
2022-10-18,출입문관련,교대역,15:45
2022-10-17,출입문관련,금호역,10:02
2022-10-15,열차내 사고,회기역,14:42
2022-10-15,열차내 사고,신대방역,23:30
2022-10-15,열차내 사고,하남시청역,17:00
2022-10-14,열차내 사고,신림역,16:20
2022-10-14,출입문관련,청구역,13:02
2022-10-13,발빠짐,동대문역,12:18
2022-10-13,발빠짐,고속터미널역,12:28
2022-10-12,역구내 사고,을지로3가역,15:56
2022-10-11,열차내 사고,종각역,10:11
2022-10-10,출입문관련,군자역,15:20
2022-10-10,역구내 사고,구파발역,17:42
2022-10-10,열차내 사고,안국역,16:20
2022-10-09,열차내 사고,인덕원역,12:20
2022-10-06,역구내 사고,신도림역,21:25
2022-10-06,출입문관련,노원역,14:03
2022-10-05,출입문관련,도봉산역,19:44
2022-10-05,출입문관련,종로3가역,11:19
2022-10-05,출입문관련,교대역,18:04
2022-10-04,열차내 사고,선릉역,8:23
2022-10-02,출입문관련,혜화역,19:58
2022-09-30,열차내 사고,연신내역,15:36
2022-09-30,열차내 사고,논현역,8:36
2022-09-30,출입문관련,연신내역,9:48
2022-09-29,출입문관련,군자역,18:45
2022-09-28,발빠짐,가산디지털단지역,18:16
2022-09-24,발빠짐,충정로역,16:12
2022-09-23,역구내 사고,화곡역,8:37
2022-09-22,출입문관련,천호역,17:27
2022-09-22,발빠짐,동대문역사문화공원역,8:39
2022-09-22,출입문관련,창동역,9:45
2022-09-21,열차내 사고,산본역,11:58
2022-09-20,출입문관련,신촌역,16:33
2022-09-19,승강설비관련,혜화역,8:25
2022-09-19,열차내 사고,대림역,9:00
2022-09-19,출입문관련,이수역,9:08
2022-09-17,발빠짐,동작역,16:20
2022-09-17,출입문관련,동대문역사문화공원역,11:28
2022-09-16,역구내 사고,압구정역,8:16
2022-09-16,열차내 사고,대림역,16:38
2022-09-16,열차내 사고,압구정역,9:07
2022-09-11,승강설비관련,공덕역,13:23
2022-09-08,출입문관련,하남풍산역,16:17
2022-09-07,발빠짐,압구정역,18:02
2022-09-07,열차내 사고,여의도역,18:23
2022-09-06,열차내 사고,상일동역,8:56
2022-09-05,역구내 사고,이촌역,17:44
2022-09-05,열차내 사고,쌍문역,14:51
2022-09-05,승강설비관련,고덕역,12:26
2022-09-04,열차내 사고,관악역,15:20
2022-09-03,발빠짐,을지로3가역,14:14
2022-09-02,역구내 사고,디지털미디어시티역,9:05
2022-09-01,열차내 사고,까치울역,17:40
2022-09-01,열차내 사고,천호역,19:03
2022-09-01,역구내 사고,잠실역,17:55
2022-09-01,열차내 사고,사가정역,8:07
2022-08-30,승강설비관련,가산디지털단지역,13:10
2022-08-30,출입문관련,신길역,18:28
2022-08-30,열차내 사고,사당역,19:27
2022-08-30,열차내 사고,동대문역사문화공원역,13:43
2022-08-29,출입문관련,문정역,18:43
2022-08-28,발빠짐,시청역,9:52
2022-08-25,역구내 사고,거여역,5:40
2022-08-25,열차내 사고,하남시청역,18:50
2022-08-24,발빠짐,문정역,18:07
2022-08-23,출입문관련,을지로4가역,18:57
2022-08-23,발빠짐,동대문역사문화공원역,6:50
2022-08-22,역구내 사고,화랑대역,13:35
2022-08-20,출입문관련,홍대입구역,23:33
2022-08-20,출입문관련,수유역,16:27
2022-08-19,출입문관련,군자역,17:00
2022-08-19,출입문관련,동대문역사문화공원역,16:08
2022-08-19,출입문관련,대림역,8:28
2022-08-18,발빠짐,고속터미널역,15:00
2022-08-17,발빠짐,충무로역,8:48
2022-08-16,승강설비관련,남구로역,7:21
2022-08-16,출입문관련,도림천역,8:22
2022-08-15,출입문관련,충무로역,16:21
2022-08-13,출입문관련,동대문역,15:18
2022-08-13,역구내 사고,미사역,11:30
2022-08-12,발빠짐,시청역,11:34
2022-08-12,승강설비관련,가산디지털단지역,8:17
2022-08-12,출입문관련,서울역,7:50
2022-08-11,역구내 사고,서울역,10:35
2022-08-10,열차내 사고,강동역,6:44
2022-08-09,역구내 사고,압구정역,12:14
2022-08-08,발빠짐,충무로역,16:47
2022-08-07,열차내 사고,신당역,12:28
2022-08-05,열차내 사고,사가정역,22:00
2022-08-05,열차내 사고,사당역,19:50
2022-08-03,역구내 사고,대청역,5:12
2022-08-03,역구내 사고,연신내역,7:40
2022-08-03,출입문관련,대림역,12:40
2022-08-03,역구내 사고,사당역,6:19
2022-08-02,역구내 사고,용두역,13:00
2022-08-02,역구내 사고,남구로역,18:05
2022-08-01,발빠짐,신촌역,12:33
2022-08-01,역구내 사고,구파발역,8:24
2022-08-01,열차내 사고,제기동역,13:10
2022-08-01,발빠짐,신촌역,8:24
2022-08-01,출입문관련,동대문역사문화공원역,16:39
2022-07-31,출입문관련,철산역,20:08
2022-07-31,승강설비관련,사가정역,22:48
2022-07-29,출입문관련,망원역,13:26
2022-07-29,출입문관련,가락시장역,17:21
2022-07-27,발빠짐,철산역,8:20
2022-07-27,출입문관련,건대입구역,7:42
2022-07-27,출입문관련,동대문역사문화공원역,18:35
2022-07-27,출입문관련,고려대역,18:33
2022-07-27,출입문관련,동대문역사문화공원역,18:35
2022-07-26,발빠짐,경복궁역,8:40
2022-07-26,역구내 사고,영등포구청역,17:40
2022-07-25,출입문관련,잠실역,10:58
2022-07-25,출입문관련,대림역,16:59
2022-07-25,출입문관련,불광역,8:24
2022-07-25,출입문관련,연신내역,10:50
2022-07-23,출입문관련,범계역,18:15
2022-07-22,출입문관련,굽은다리역,22:01
2022-07-22,열차내 사고,제기동역,15:28
2022-07-22,열차내 사고,동대문역,7:50
2022-07-21,출입문관련,충무로역,19:00
2022-07-21,출입문관련,영등포구청역,10:21
2022-07-21,출입문관련,고속터미널역,17:36
2022-07-21,역구내 사고,서울대입구역,17:25
2022-07-19,역구내 사고,녹사평역,13:33
2022-07-18,열차내 사고,방배역,17:58
2022-07-16,출입문관련,사당역,20:28
2022-07-16,발빠짐,고속터미널역,16:36
2022-07-15,출입문관련,상록수역,9:45
2022-07-15,승강설비관련,독립문역,9:36
2022-07-15,열차내 사고,보라매역,18:40
2022-07-14,승강설비관련,홍제역,15:35
2022-07-14,발빠짐,성신여대입구역,10:45
2022-07-14,출입문관련,강동역,8:39
2022-07-14,역구내 사고,홍제역,15:35
2022-07-13,역구내 사고,성수역,15:45
2022-07-13,발빠짐,천호역,22:30
2022-07-13,출입문관련,건대입구역,18:42
2022-07-11,발빠짐,철산역,18:47
2022-07-10,출입문관련,불광역,19:25
2022-07-09,역구내 사고,성수역,21:22
2022-07-08,발빠짐,서울역,20:19
2022-07-08,출입문관련,수리산역,8:25
2022-07-07,발빠짐,신촌역,21:13
2022-07-06,출입문관련,충무로역,12:39
2022-07-05,출입문관련,마포역,17:47
2022-07-05,출입문관련,신당역,8:13
2022-07-04,출입문관련,김포공항역,15:20
2022-07-03,발빠짐,철산역,12:24
2022-07-01,발빠짐,구로디지털단지역,18:19
2022-07-01,열차내 사고,먹골역,8:30
2022-07-01,열차내 사고,여의도역,8:10
2022-07-01,승강설비관련,오금역,18:10
2022-06-30,열차내 사고,교대역,8:50
2022-06-30,역구내 사고,노원역,11:04
2022-06-30,발빠짐,군자역,8:23
2022-06-30,역구내 사고,공릉역,8:16
2022-06-29,열차내 사고,사당역,16:16
2022-06-29,열차내 사고,이촌역,18:15
2022-06-29,출입문관련,신대방역,22:17
2022-06-29,역구내 사고,방배역,16:51
2022-06-28,열차내 사고,광화문역,6:45
2022-06-28,역구내 사고,광화문역,22:20
2022-06-28,역구내 사고,광흥창역,16:30
2022-06-27,열차내 사고,선릉역,18:24
2022-06-27,출입문관련,사당역,14:08
2022-06-27,출입문관련,상일동역,18:15
2022-06-27,열차내 사고,선릉역,18:24
2022-06-27,기타,노원역,15:00
2022-06-25,출입문관련,청량리역,18:26
2022-06-24,발빠짐,동대문역사문화공원역,23:10
2022-06-24,열차내 사고,양재역,8:20
2022-06-23,역구내 사고,건대입구역,0:00
2022-06-23,출입문관련,대청역,19:54
2022-06-23,승강설비관련,학동역,19:09
2022-06-23,출입문관련,상봉역,17:07
2022-06-21,발빠짐,단대오거리역,8:57
2022-06-18,열차내 사고,충정로역,17:17
2022-06-17,발빠짐,동대문역사문화공원역,18:30
2022-06-15,승강설비관련,구산역,17:00
2022-06-14,출입문관련,우장산역,15:56
2022-06-14,출입문관련,봉천역,11:59
2022-06-13,열차내 사고,K4543열차,8:31
2022-06-13,열차내 사고,이태원역,8:31
2022-06-13,발빠짐,성신여대입구역,14:03
2022-06-12,발빠짐,발산역,16:50
2022-06-12,발빠짐,신촌역,14:02
2022-06-11,열차내 사고,도봉산역,20:43
2022-06-10,열차내 사고,군자역,8:14
2022-06-09,발빠짐,동대문역사문화공원역,8:35
2022-06-08,승강설비관련,상도역,11:02
2022-06-08,열차내 사고,천호역,8:30
2022-06-07,발빠짐,충무로역,8:28
2022-06-06,발빠짐,서울역,16:01
2022-06-02,출입문관련,양재역,8:21
2022-06-02,열차내 사고,군자역,8:11
2022-06-02,출입문관련,강동역,7:43
2022-05-31,역구내 사고,신도림역,18:36
2022-05-31,출입문관련,이수역,17:54
2022-05-30,발빠짐,구로디지털단지역,17:23
2022-05-29,승강설비관련,잠실역,17:42
2022-05-26,출입문관련,을지로입구역,17:20
2022-05-25,출입문관련,명동역,19:14
2022-05-25,출입문관련,교대역,19:18
2022-05-25,승강설비관련,대치역,8:06
2022-05-24,역구내 사고,숙대입구역,9:32
2022-05-23,역구내 사고,이촌역,14:58
2022-05-20,열차내 사고,대림역,8:35
2022-05-20,출입문관련,잠실역,21:46
2022-05-20,발빠짐,합정역,18:35
2022-05-18,출입문관련,동대문역사문화공원역,11:34
2022-05-18,역구내 사고,동대문역,10:26
2022-05-17,발빠짐,동대문역사문화공원역,10:55
2022-05-17,출입문관련,천호역,9:35
2022-05-14,출입문관련,산본역,19:53
2022-05-14,승강설비관련,낙성대역,18:33
2022-05-14,발빠짐,신촌역,15:16
2022-05-14,출입문관련,암사역,18:46
2022-05-13,출입문관련,미아사거리역,17:47
2022-05-13,출입문관련,대림역,18:42
2022-05-12,발빠짐,문정역,8:32
2022-05-12,역구내 사고,홍대입구역,0:04
2022-05-12,출입문관련,대림역,17:09
2022-05-11,역구내 사고,굽은다리역,9:06
2022-05-11,역구내 사고,월곡역,17:46
2022-05-11,승강설비관련,방배역,8:53
2022-05-10,발빠짐,강남역,17:23
2022-05-09,발빠짐,성신여대입구역,23:31
2022-05-09,출입문관련,동대문역사문화공원역,12:36
2022-05-09,출입문관련,군자역,8:34
2022-05-08,발빠짐,경찰병원역,21:49
2022-05-07,열차내 사고,시청역,13:45
2022-05-07,출입문관련,동대문역,12:39
2022-05-06,열차내 사고,신도림역,20:41
2022-05-04,출입문관련,대야미역,17:45
2022-05-04,출입문관련,천호역,15:21
2022-05-04,역구내 사고,왕십리역,22:00
2022-05-04,출입문관련,신도림역,16:42
2022-05-04,발빠짐,충정로역,18:30
2022-05-03,역구내 사고,혜화역,16:37
2022-05-03,출입문관련,합정역,8:27
2022-05-02,출입문관련,신림역,9:55
2022-05-02,열차내 사고,쌍문역,7:05
2022-04-30,역구내 사고,마포구청역,13:53
2022-04-29,발빠짐,고속터미널역,17:14
2022-04-28,역구내 사고,사가정역,0:00
2022-04-28,출입문관련,신길역,8:29
2022-04-26,출입문관련,군자역,8:34
2022-04-25,발빠짐,발산역,12:53
2022-04-22,발빠짐,교대역,15:55
2022-04-20,출입문관련,석계역,18:34
2022-04-19,출입문관련,발산역,8:53
2022-04-18,발빠짐,도봉산역,18:46
2022-04-17,출입문관련,복정역,11:58
2022-04-16,발빠짐,동대입구역,18:17
2022-04-16,출입문관련,종로3가역,20:51
2022-04-15,출입문관련,삼성역,8:40
2022-04-15,발빠짐,동대문역사문화공원역,13:32
2022-04-14,역구내 사고,동대문역사문화공원역,8:29
2022-04-14,발빠짐,구로디지털단지역,22:28
2022-04-13,열차내 사고,우장산역,12:15
2022-04-12,열차내 사고,금정역,9:00
2022-04-11,출입문관련,동대문역사문화공원역,16:13
2022-04-09,출입문관련,사당역,17:44
2022-04-09,역구내 사고,사당역,6:47
2022-04-09,출입문관련,영등포역,5:35
2022-04-09,역구내 사고,중화역,22:10
2022-04-09,역구내 사고,신도림역,15:46
2022-04-07,역구내 사고,가락시장역,21:21
2022-04-07,출입문관련,노원역,7:30
2022-04-07,열차내 사고,신도림역,21:31
2022-04-07,출입문관련,충무로역,7:42
2022-04-05,기타,노원역,7:26
2022-04-05,출입문관련,뚝섬역,12:34
2022-04-02,출입문관련,고속터미널역,14:32
2022-04-02,발빠짐,동대문역사문화공원역,19:36
2022-04-01,역구내 사고,몽촌토성역,12:55
2022-04-01,출입문관련,하남검단산역,6:53
2022-03-31,출입문관련,일원역,14:57
2022-03-31,발빠짐,충무로역,16:34
2022-03-30,열차내 사고,회현역,11:03
2022-03-29,역구내 사고,어린이대공원역,16:20
2022-03-29,열차내 사고,쌍문역,8:40
2022-03-28,발빠짐,충무로역,9:00
2022-03-28,출입문관련,삼성역,8:15
2022-03-28,열차내 사고,서울역,19:02
2022-03-27,역구내 사고,잠실역,11:15
2022-03-26,역구내 사고,을지로입구역,15:38
2022-03-25,역구내 사고,구로디지털단지역,22:29
2022-03-25,역구내 사고,구로디지털단지역,22:29
2022-03-25,출입문관련,신정네거리역,8:10
2022-03-24,발빠짐,신림역,18:00
2022-03-24,역구내 사고,구파발역,7:45
2022-03-23,역구내 사고,경복궁역,14:19
2022-03-22,열차내 사고,역삼역,17:40
2022-03-22,출입문관련,동대문역사문화공원역,9:10
2022-03-22,출입문관련,구의역,22:11
2022-03-21,역구내 사고,합정역,13:40
2022-03-16,발빠짐,시청역,18:30
2022-03-14,열차내 사고,수유역,18:16
2022-03-13,역구내 사고,신당역,8:20
2022-03-11,출입문관련,을지로4가역,18:52
2022-03-08,승강설비관련,수락산역,16:05
2022-03-07,출입문관련,양재역,8:42
2022-03-07,발빠짐,합정역,8:15
2022-03-05,출입문관련,둔촌역,13:26
2022-03-04,출입문관련,신사역,10:18
2022-03-02,승강설비관련,상봉역,18:10
2022-02-25,역구내 사고,약수역,7:55
2022-02-24,역구내 사고,남태령역,23:16
2022-02-23,발빠짐,신길역,11:42
2022-02-23,역구내 사고,구로디지털단지역,11:06
2022-02-20,출입문관련,가산디지털단지역,17:20
2022-02-19,열차내 사고,서울역,17:43
2022-02-17,출입문관련,사당역,19:06
2022-02-15,열차내 사고,혜화역,19:05
2022-02-14,역구내 사고,종로3가역,21:05
2022-02-14,승강설비관련,영등포구청역,15:16
2022-02-11,역구내 사고,잠실역,8:15
2022-02-09,역구내 사고,잠실역,16:44
2022-02-08,열차내 사고,노량진역,17:58
2022-02-08,역구내 사고,강남역,14:02
2022-02-07,열차내 사고,한성대입구역,10:05
2022-02-07,출입문관련,수유역,19:05
2022-02-05,역구내 사고,연신내역,15:40
2022-02-05,출입문관련,서울대입구역,16:55
2022-02-05,출입문관련,군자역,16:35
2022-02-01,역구내 사고,안암역,7:10
2022-01-30,승강설비관련,종로3가역,9:06
2022-01-29,출입문관련,이수역,17:08
2022-01-28,출입문관련,가락시장역,7:32
2022-01-28,열차내 사고,오금역,11:30
2022-01-28,출입문관련,충무로역,15:52
2022-01-28,출입문관련,동대문역사문화공원역,13:35
2022-01-27,열차내 사고,동대문역사문화공원역,14:30
2022-01-26,승강설비관련,청량리역,11:55
2022-01-25,열차내 사고,까치산역,21:16
2022-01-23,역구내 사고,삼각지역,14:30
2022-01-23,발빠짐,을지로3가역,14:51
2022-01-22,출입문관련,숙대입구역,11:50
2022-01-22,열차내 사고,상도역,13:27
2022-01-21,역구내 사고,잠실나,21:40
2022-01-21,역구내 사고,월드컵경기장역,16:01
2022-01-21,역구내 사고,동대문역,13:00
2022-01-21,역구내 사고,회현역,14:06
2022-01-21,발빠짐,동대문역사문화공원역,7:28
2022-01-20,역구내 사고,종로3가역,14:15
2022-01-19,역구내 사고,구산역,16:25
2022-01-19,역구내 사고,낙성대역,10:07
2022-01-19,역구내 사고,노원역,10:25
2022-01-19,열차내 사고,월곡역,16:06
2022-01-19,역구내 사고,청량리역,13:40
2022-01-18,출입문관련,선릉역,19:12
2022-01-17,출입문관련,잠실역,22:26
2022-01-17,출입문관련,이수역,12:41
2022-01-15,역구내 사고,장지역,16:52
2022-01-14,출입문관련,수유역,10:29
2022-01-13,승강설비관련,미사역,9:53
2022-01-13,발빠짐,경복궁역,8:53
2022-01-11,열차내 사고,석계역,18:45
2022-01-07,역구내 사고,장한평역,11:00
2022-01-06,출입문관련,충무로역,8:03
2022-01-03,승강설비관련,방화역,8:29
2022-01-02,열차내 사고,신도림역,9:50
2021-12-30,승강설비관련,동대문역,15:32
2021-12-29,발빠짐,압구정역,12:33
2021-12-27,역구내 사고,회현역,17:40
2021-12-26,승강설비관련,서울대입구역,13:58
2021-12-26,기타,창동역,0:00
2021-12-25,역구내 사고,홍대입구역,18:04
2021-12-24,열차내 사고,신도림역,8:10
2021-12-22,출입문관련,동대문역사문화공원역,8:34
2021-12-20,역구내 사고,신설동역,8:45
2021-12-20,출입문관련,남부터미널역,14:52
2021-12-19,승강설비관련,동대문역사문화공원역,18:23
2021-12-19,역구내 사고,미사역,7:46
2021-12-18,역구내 사고,교대역,22:30
2021-12-17,출입문관련,구로디지털단지역,17:25
2021-12-14,발빠짐,신금호역,17:30
2021-12-13,열차내 사고,신이문역,10:35
2021-12-10,승강설비관련,상도역,13:02
2021-12-09,출입문관련,미아사거리역,17:10
2021-12-07,출입문관련,가락시장역,12:06
2021-12-04,발빠짐,연신내역,12:03
2021-12-04,출입문관련,강남역,10:48
2021-12-03,역구내 사고,교대역,10:04
2021-12-03,출입문관련,굽은다리역,16:13
2021-12-02,출입문관련,개롱역,8:22
2021-11-30,기타,상계역,7:20
2021-11-30,발빠짐,천왕역,9:32
2021-11-29,발빠짐,사당역,8:23
2021-11-27,역구내 사고,봉천역,21:00
2021-11-26,승강설비관련,상동역,19:19
2021-11-26,출입문관련,교대역,21:33
2021-11-26,출입문관련,안양역,9:15
2021-11-24,열차내 사고,이수역,8:19
2021-11-23,열차내 사고,동대문역사문화공원역,14:35
2021-11-20,출입문관련,올림픽공원역,15:35
2021-11-17,열차내 사고,동묘앞역,18:35
2021-11-17,역구내 사고,강동역,17:30
2021-11-17,열차내 사고,동묘앞역,18:35
2021-11-15,출입문관련,동대문역,22:22
2021-11-14,출입문관련,신금호역,17:56
2021-11-14,승강설비관련,잠실새내역,18:04
2021-11-13,출입문관련,강동역,20:17
2021-11-12,열차내 사고,방배역,8:44
2021-11-10,승강설비관련,성신여대입구역,12:47
2021-11-09,역구내 사고,먹골역,10:19
2021-11-09,역구내 사고,장한평역,12:57
2021-11-09,출입문관련,홍대입구역,19:55
2021-11-08,역구내 사고,신림역,8:13
2021-11-06,발빠짐,이수역,19:52
2021-11-05,역구내 사고,서울대입구역,12:00
2021-11-05,출입문관련,대화역,13:44
2021-11-05,출입문관련,교대역,13:50
2021-11-05,역구내 사고,연신내역,21:44
2021-11-04,역구내 사고,쌍문역,16:04
2021-11-03,발빠짐,성신여대입구역,16:04
2021-11-02,열차내 사고,구로디지털단지역,8:30
2021-11-02,출입문관련,성신여대입구역,12:01
2021-11-02,출입문관련,고속터미널역,10:16
2021-11-02,출입문관련,종로3가역,22:34
2021-11-02,출입문관련,창동역,8:39
2021-11-01,발빠짐,동대문역사문화공원역,21:37
2021-11-01,출입문관련,고속터미널역,18:30
2021-10-30,출입문관련,부평역,19:06
2021-10-30,출입문관련,경복궁역 ,15:03
2021-10-30,출입문관련,강남역,16:26
2021-10-30,출입문관련,경복궁역 ,15:03
2021-10-28,출입문관련,강남구청역,16:35
2021-10-28,역구내 사고,신풍역,6:48
2021-10-26,열차내 사고,열차내,16:30
2021-10-26,출입문관련,동대문역사문화공원역,20:56
2021-10-25,출입문관련,수유역,7:39
2021-10-25,출입문관련,독립문역,18:03
2021-10-23,출입문관련,사당역,18:05
2021-10-22,출입문관련,가락시장역,8:39
2021-10-22,출입문관련,태릉입구역,11:37
2021-10-22,출입문관련,신설동역,16:06
2021-10-21,열차내 사고,방배역,9:40
2021-10-21,승강설비관련,고속터미널역,7:55
2021-10-20,열차내 사고,봉화산역,10:45
2021-10-20,발빠짐,공릉역,7:48
2021-10-20,출입문관련,당고개역,17:43
2021-10-19,출입문관련,시청역,7:34
2021-10-18,역구내 사고,하계역,9:25
2021-10-18,승강설비관련,사당역,21:35
2021-10-15,열차내 사고,서울대입구역,17:00
2021-10-15,승강설비관련,삼각지역,8:28
2021-10-15,역구내 사고,이수역,17:10
2021-10-14,출입문관련,역삼역,8:40
2021-10-13,발빠짐,경찰병원역,16:48
2021-10-13,출입문관련,논현역,9:02
2021-10-13,역구내 사고,고속터미널역,20:50
2021-10-12,열차내 사고,신도림역,7:58
2021-10-11,기타,수락산역,9:40
2021-10-11,기타,수락산역,9:40
2021-10-09,역구내 사고,종로3가역,7:00
2021-10-08,발빠짐,신촌역,15:43
2021-10-08,발빠짐,방배역,19:02
2021-10-08,출입문관련,문정역,7:31
2021-10-08,역구내 사고,성수역,10:35
2021-10-08,출입문관련,건대입구역,20:10
2021-10-07,역구내 사고,을지로4가역,13:25
2021-10-07,역구내 사고,노원역,12:52
2021-10-06,발빠짐,동대문역,17:04
2021-10-03,출입문관련,우장산역,16:18
2021-10-01,역구내 사고,잠실역,11:44
2021-09-29,출입문관련,오이도역,7:57
2021-09-29,승강설비관련,신당역,8:25
2021-09-28,출입문관련,신사역,15:14
2021-09-28,역구내 사고,강남역,9:15
2021-09-28,출입문관련,광나루역,12:08
2021-09-28,발빠짐,압구정역,18:13
2021-09-28,출입문관련,창동역,9:08
2021-09-27,출입문관련,종로3가역,8:32
2021-09-27,열차내 사고,도봉산역,19:33
2021-09-27,출입문관련,미아사거리역,13:11
2021-09-25,발빠짐,신촌역,12:17
2021-09-24,기타,뚝섬역,1:30
2021-09-23,출입문관련,천호역,10:02
2021-09-18,역구내 사고,선릉역,18:57
2021-09-16,출입문관련,목동역,12:29
2021-09-16,출입문관련,미아사거리역,10:09
2021-09-15,출입문관련,동대문역사문화공원역,9:45
2021-09-15,출입문관련,충무로역,10:22
2021-09-15,출입문관련,금정역,8:15
2021-09-14,출입문관련,경복궁역 ,11:04
2021-09-14,출입문관련,회현역,17:04
2021-09-14,발빠짐,연신내역,15:27
2021-09-14,열차내 사고,어린이대공원역,8:26
2021-09-14,출입문관련,인덕원역,19:05
2021-09-10,출입문관련,고속터미널역,9:58
2021-09-08,열차내 사고,방배역,18:57
2021-09-08,열차내 사고,사당역,18:56
2021-09-07,역구내 사고,구로디지털단지역,18:20
2021-09-07,출입문관련,상일동역,19:34
2021-09-07,역구내 사고,구의역,10:04
2021-09-07,열차내 사고,영등포구청역,14:47
2021-09-07,역구내 사고,춘의역,7:22
2021-09-04,출입문관련,교대역,13:17
2021-09-03,역구내 사고,아현역,17:33
2021-09-03,출입문관련,김포공항역,16:47
2021-09-01,열차내 사고,방배역,18:21
2021-09-01,발빠짐,서울역,8:07
2021-08-31,발빠짐,고속터미널역,18:23
2021-08-31,역구내 사고,신도림역,16:56
2021-08-31,출입문관련,신사역,9:15
2021-08-30,열차내 사고,구일역,8:28
2021-08-30,출입문관련,까치산역,18:37
2021-08-29,발빠짐,고속터미널역,17:20
2021-08-27,출입문관련,양재역,15:05
2021-08-27,발빠짐,동대문역사문화공원역,8:44
2021-08-26,발빠짐,압구정역,15:30
2021-08-24,역구내 사고,회현역,16:00
2021-08-24,열차내 사고,동묘앞역,7:32
2021-08-21,역구내 사고,삼산체육관역,9:25
2021-08-21,열차내 사고,당고개역,13:51
2021-08-19,발빠짐,동대문역사문화공원역,5:53
2021-08-15,출입문관련,미아사거리역,10:34
2021-08-14,출입문관련,한성대입구역,14:00
2021-08-13,역구내 사고,사당역,14:31
2021-08-12,출입문관련,잠실역,18:14
2021-08-12,역구내 사고,성수역,18:05
2021-08-11,기타,구의역,8:50
2021-08-10,발빠짐,압구정역,16:37
2021-08-09,출입문관련,창동역,18:14
2021-08-08,출입문관련,상일동역,11:07
2021-08-08,출입문관련,장지역,13:21
2021-08-07,승강설비관련,가락시장역,6:31
2021-08-06,발빠짐,신촌역,17:34
2021-08-06,역구내 사고,영등포구청역,8:20
2021-08-05,발빠짐,서울역,18:23
2021-08-04,출입문관련,공덕역,17:00
2021-08-02,출입문관련,수유역,11:27
2021-08-02,열차내 사고,신길역,8:14
2021-07-31,역구내 사고,화랑대역,6:52
2021-07-29,열차내 사고,송파역,17:16
2021-07-29,출입문관련,신설동역,19:43
2021-07-29,역구내 사고,신대방삼거리역,8:58
2021-07-28,출입문관련,구의역,8:34
2021-07-28,발빠짐,연신내역,15:11
2021-07-24,승강설비관련,교대역,17:07
2021-07-22,열차내 사고,까치울역,10:06
2021-07-19,출입문관련,군자역,8:14
2021-07-18,역구내 사고,합정역,5:38
2021-07-16,역구내 사고,신도림역,8:14
2021-07-16,역구내 사고,제기동역,16:36
2021-07-13,출입문관련,구파발역,21:25
2021-07-09,역구내 사고,제기동역,15:45
2021-07-09,열차내 사고,영등포구청역,18:55
2021-07-09,발빠짐,아현역,16:28
2021-07-09,발빠짐,서울역,16:05
2021-07-09,열차내 사고,영등포구청역,18:35
2021-07-09,열차내 사고,문래역,18:40
2021-07-08,열차내 사고,수락산역,8:37
2021-07-07,역구내 사고,서울역,15:37
2021-07-05,출입문관련,강남역,7:45
2021-07-04,역구내 사고,봉천역,13:46
2021-07-02,발빠짐,동대문역사문화공원역,8:20
2021-06-30,역구내 사고,태릉입구역,13:21
2021-06-28,출입문관련,하남풍산역,16:11
2021-06-28,출입문관련,산본역,17:41
2021-06-27,역구내 사고,경복궁역 ,19:59
2021-06-27,발빠짐,구로디지털단지역,11:33
2021-06-26,출입문관련,사당역,17:35
2021-06-26,출입문관련,사당역,18:53
2021-06-25,출입문관련,교대역,18:27
2021-06-21,출입문관련,상계역,18:17
2021-06-21,출입문관련,홍대입구역,17:55
2021-06-18,출입문관련,천호역,18:50
2021-06-18,승강설비관련,신림역,8:20
2021-06-17,역구내 사고,길음역,12:37
2021-06-17,출입문관련,방화역,15:00
2021-06-15,역구내 사고,상동역,7:52
2021-06-14,승강설비관련,합정역,8:03
2021-06-12,출입문관련,강남역,13:56
2021-06-10,열차내 사고,단대오거리역,7:45
2021-06-10,발빠짐,회현역,18:57
2021-06-10,출입문관련,교대역,18:55
2021-06-10,출입문관련,교대역,19:29
2021-06-07,발빠짐,이수역,8:08
2021-06-06,역구내 사고,천왕역,7:58
2021-06-06,기타,동작역,13:00
2021-06-06,발빠짐,목동역,21:48
2021-06-03,승강설비관련,상동역,14:18
2021-06-03,역구내 사고,신정네거리역,0:05
2021-06-02,출입문관련,미아역,22:28
2021-06-02,승강설비관련,오금역,9:08
2021-06-01,출입문관련,종로3가역,14:45
2021-05-31,역구내 사고,종로5가역,12:07
2021-05-31,출입문관련,동묘앞역,19:14
2021-05-29,발빠짐,고속터미널역,12:07
2021-05-28,열차내 사고,구파발역,8:30
2021-05-28,열차내 사고,앙재역,7:50
2021-05-28,열차내 사고,사당역,7:50
2021-05-28,열차내 사고,녹번역,8:03
2021-05-28,역구내 사고,성신여대입구역,9:32
2021-05-28,출입문관련,종로5가역,8:40
2021-05-27,발빠짐,보문역,8:21
2021-05-27,출입문관련,공덕역,18:47
2021-05-27,역구내 사고,왕십리역,22:19
2021-05-26,출입문관련,명동역,14:38
2021-05-26,출입문관련,건대입구역,17:30
2021-05-26,발빠짐,응암역,9:46
2021-05-26,출입문관련,서울역,17:48
2021-05-24,열차내 사고,당산역,21:55
2021-05-24,출입문관련,동대문역사문화공원역,18:37
2021-05-22,열차내 사고,고속터미널역,16:00
2021-05-21,역구내 사고,고속터미널역,20:55
2021-05-20,출입문관련,발산역,17:36
2021-05-18,열차내 사고,청량리역,12:11
2021-05-15,출입문관련,잠실역,12:29
2021-05-15,발빠짐,회현역,13:16
2021-05-14,역구내 사고,당산역,21:41
2021-05-12,출입문관련,미아사거리역,7:52
2021-05-11,발빠짐,신길역,9:53
2021-05-10,열차내 사고,군자역,8:25
2021-05-10,열차내 사고,동대문역,10:37
2021-05-10,출입문관련,사당역,18:38
2021-05-08,출입문관련,창동역,11:17
2021-05-04,발빠짐,동대문역사문화공원역,8:44
2021-05-03,출입문관련,광명사거리역,18:13
2021-05-03,열차내 사고,건대입구역,16:13
2021-05-02,출입문관련,영등포시장역,14:31
2021-04-30,열차내 사고,대화역,14:00
2021-04-30,승강설비관련,종로3가역,14:06
2021-04-30,열차내 사고,신당역,21:30
2021-04-29,역구내 사고,광화문역,9:25
2021-04-23,출입문관련,동대문역사문화공원역,17:56
2021-04-22,출입문관련,회현역,18:50
2021-04-21,열차내 사고,합정역,9:57
2021-04-20,출입문관련,양재역,18:06
2021-04-20,출입문관련,용마산역,21:08
2021-04-19,발빠짐,충무로역,8:57
2021-04-17,출입문관련,혜화역,11:08
2021-04-14,열차내 사고,청량리역,16:30
2021-04-13,열차내 사고,강일역,7:54
2021-04-12,역구내 사고,잠원역,22:00
2021-04-12,승강설비관련,천호역,14:19
2021-04-12,출입문관련,잠실역,17:39
2021-04-11,출입문관련,혜화역,12:21
2021-04-09,출입문관련,신도림역,12:44
2021-04-08,열차내 사고,화곡역,16:22
2021-04-08,출입문관련,대림역,9:42
2021-04-08,열차내 사고,고속터미널역,8:25
2021-04-07,출입문관련,여의도역,18:21
2021-04-06,출입문관련,건대입구역,7:57
2021-04-05,역구내 사고,창동역,9:50
2021-04-05,출입문관련,노원역,9:33
2021-04-05,열차내 사고,공릉역,8:27
2021-04-05,출입문관련,신도림역,14:16
2021-04-01,열차내 사고,종로5가역,7:09
2021-04-01,승강설비관련,신도림역,10:49
2021-04-01,승강설비관련,신도림역,10:59
2021-04-01,승강설비관련,신도림역,10:59
2021-04-01,출입문관련,제기동역,14:22
2021-03-31,출입문관련,목동역,9:26
2021-03-31,출입문관련,을지로3가역,15:11
2021-03-29,출입문관련,상도역,17:37
2021-03-29,출입문관련,주안역,16:45
2021-03-27,역구내 사고,새절역,22:57
2021-03-27,열차내 사고,신도림역,15:50
2021-03-26,역구내 사고,영등포시장역,8:50
2021-03-23,출입문관련,어린이대공원역,13:58
2021-03-23,역구내 사고,사당역,8:30
2021-03-20,출입문관련,신림역,18:27
2021-03-19,출입문관련,신도림역,16:25
2021-03-18,역구내 사고,상계역,13:30
2021-03-17,출입문관련,군자역,9:51
2021-03-15,발빠짐,을지로4가역,8:26
2021-03-15,출입문관련,쌍문역,13:29
2021-03-10,출입문관련,신당역,16:30
2021-03-09,역구내 사고,상동역,17:55
2021-03-09,역구내 사고,상동역,18:00
2021-03-09,발빠짐,신당역,8:35
2021-03-06,역구내 사고,구로디지털단지역,18:30
2021-03-05,열차내 사고,신도림역,18:30
2021-03-05,열차내 사고,신도림역,18:30
2021-03-05,열차내 사고,방배역,18:40
2021-03-05,열차내 사고,신림역,18:40
2021-03-04,발빠짐,신대방역,16:20
2021-03-03,역구내 사고,삼성역,7:06
2021-03-03,출입문관련,범계역,16:26
2021-02-26,역구내 사고,까치산역,13:20
2021-02-25,발빠짐,양천구청역,7:43
2021-02-25,출입문관련,불광역,19:23
2021-02-25,출입문관련,교대역,16:57
2021-02-22,역구내 사고,제기동역,21:33
2021-02-21,역구내 사고,중화역,11:38
2021-02-18,승강설비관련,충무로역,10:10
2021-02-18,출입문관련,충무로역,14:16
2021-02-18,발빠짐,군자역,8:43
2021-02-18,열차내 사고,광화문역,18:22
2021-02-16,열차내 사고,충정로역,8:45
2021-02-16,출입문관련,잠실역,22:08
2021-02-13,역구내 사고,경복궁역 ,10:55
2021-02-10,승강설비관련,오금역,21:49
2021-02-09,열차내 사고,사당역,18:29
2021-02-09,열차내 사고,신림역,18:29
2021-02-09,승강설비관련,신대방삼거리역,16:41
2021-02-08,역구내 사고,독바위역,12:40
2021-02-06,역구내 사고,성수역,15:41
2021-02-04,역구내 사고,잠원역,15:10
2021-02-03,열차내 사고,길동역,18:38
2021-02-03,출입문관련,신이문역,18:04
2021-02-03,출입문관련,수유역,17:38
2021-02-03,열차내 사고,천호역,21:40
2021-02-01,출입문관련,숙대입구역,14:27
2021-01-30,발빠짐,신길역,18:15
2021-01-29,역구내 사고,구로디지털단지역,15:30
2021-01-29,출입문관련,신도림역,19:45
2021-01-29,열차내 사고,온수역,15:25
2021-01-28,역구내 사고,화랑대역,16:15
2021-01-28,발빠짐,이수역,8:18
2021-01-28,역구내 사고,연신내역,11:10
2021-01-26,출입문관련,명일역,19:29
2021-01-26,출입문관련,명일역,19:29
2021-01-21,역구내 사고,한성대입구역,22:40
2021-01-21,역구내 사고,길음역,14:51
2021-01-21,역구내 사고,사당역,16:44
2021-01-20,열차내 사고,청량리역,16:30
2021-01-20,승강설비관련,애오개역,6:34
2021-01-18,역구내 사고,면목역,14:52
2021-01-18,출입문관련,굽은다리역,21:03
2021-01-16,발빠짐,동작역,12:16
2021-01-13,역구내 사고,충정로역,7:40
2021-01-13,승강설비관련,모란역,10:40
2021-01-13,열차내 사고,홍대입구역,12:45
2021-01-13,역구내 사고,광화문역,8:54
2021-01-13,역구내 사고,신사역,9:45
2021-01-13,역구내 사고,논현역,10:35
2021-01-13,역구내 사고,을지로3가역,13:00
2021-01-12,역구내 사고,문래역,19:55
2021-01-12,역구내 사고,잠실나루역,21:36
2021-01-12,기타,숭실대입구역,11:20
2021-01-12,역구내 사고,공덕역,8:45
2021-01-12,출입문관련,서울역,16:40
2021-01-11,발빠짐,강남역,18:35
2021-01-11,역구내 사고,역삼역,19:43
2021-01-11,발빠짐,동대문역사문화공원역,14:16
2021-01-10,역구내 사고,수유역,14:30
2021-01-10,역구내 사고,창동역,8:40
2021-01-09,기타,암사역,15:06
2021-01-08,발빠짐,경복궁역 ,8:27
2021-01-08,역구내 사고,신림역,14:04
2021-01-07,기타,수락산역,8:00
2021-01-07,승강설비관련,충무로역,11:27
2021-01-07,열차내 사고,태릉입구역,14:09
2021-01-07,역구내 사고,사당역,9:08
2021-01-07,승강설비관련,방배역,21:20
2021-01-07,역구내 사고,미아역,9:08
2021-01-07,역구내 사고,불광역,8:00
2021-01-06,열차내 사고,강남역,19:20
2021-01-05,출입문관련,대림역,7:27
2021-01-04,출입문관련,몽촌토성역,18:22
2021-01-03,역구내 사고,사당역,10:30
2021-01-02,역구내 사고,합정역,8:00
2021-01-02,역구내 사고,교대역,16:30
